"index","head_sha"
"1","3716c7a4e40a789108d52ed72612c1a43cea5d30"
"2","1f370759e1bf03fb0cf2909173871cd6e1664c7a"
"3","63c11712e22c419ff32df7099cd79423143328f9"
"4","d1141bb6bc327abc57cd9f96827add5672610a6b"
"5","a50ff425708936f1b6cafd3f7685990de57e0c6b"
"6","c3067381b48c0d2a7e647dfb77920ae1b298e5bf"
"7","cdb46789a2072579b1e540bfc0c8a6ceea7db446"
"8","8020a421dd7ff60eb23b4cb592aec3008bb70147"
"9","55c1a259b779737e8a1d76e6ea970735ebb814d5"
"10","3adeb6fcc97b5ead2377d44caa43b2f8943a88c6"
"11","9556675e5396ca64e0d23e034711c7f374ee2f97"
"12","cc56a9306307cc840952c8d796d9845d2f396379"
"13","7803d9bf3382c5845bb711558c5504c648d3670a"
"14","48f04de60e08735190dd05cbaf17c0b68377623d"
"15","c6af8c022e90c90a5d3ed932f64d0a2a1fd164fd"
"16","0216ff52c48bb220d8eff503900c671469d936cc"
"17","17bc4363b1acb45db3e987f9406c519b305a7fb7"
"18","58df5dc64bfbfc4c3bc56d01e06fa6f5b11b6255"
"19","bccb6e723c47ebfc6b223e70f9077194ad43aed4"
"20","02a88faa565063269476eb8ce8954680e035e381"
"21","3ff9dfbee13b0951eaa751211170a583e2b9a57a"
"22","b6c9f2f10bd599f96f95bc4fb3b7a6f01a459c90"
"23","0030f31615df78d0079a90f95b0a766fc06653d0"
"24","295c7aedb26fd7569d218ef88f2e6470c05b314c"
"25","71a669fd0403d0740d45fd151d16b00b9f2cac07"
"26","e43b3d20d505282aaf4e39ae8e04a2eda3f92e49"
"27","9b52b69cb3391fb4dab17710af04ae5b948f4cb3"
"28","af42fffffd87e63ff68f288d4187f0a2cf4457e7"
"29","fd16f798182d0f8f3476ea5bd55f0946f01a9346"
"30","1f60b6d98690cba8e844f2bb82b3bda1d5acc5a6"
"31","511cc7bae2072231a177c04029c7be75a63d9780"
"32","fad31e5b7a72c67707a3f54add8478c2e2bd1d50"
"33","dd10ba7e89427f837c658b52132eec081f286c00"
"34","bd2b8ba4b717ef76c96211debb270955c0ee709a"
"35","122921d7e77d85d4c1edf456341798d4b4d074b9"
"36","eda4cec0f263c9a53b68cd7ccfa5bd3cccc28f9b"
"37","d1adef4902438e40d6a93abc0df19e1b3b3a6436"
"38","c564798f91058d9776f19d78d416383492e3434f"
"39","d68ac5ecffb99dd2ba4280a74913cd07bfa77993"
"40","0cb28212bde5bb349a377bdd5c0bf56f9f955d9b"
"41","3a4b742347aa656b289a15908541572ca54c1eef"
"42","acf5125e66e009915185241ed59452c6cda58e6b"
"43","cd6a6aa7d200f67f4f95659b18026e0715f39625"
"44","33c00db8570a3bc730cb982e2c42d809ceaef20a"
"45","811a77585b8ea3dbc72e104864b1cde05b10a925"
"46","b3b34f0a4dc3fce3ecfc147c8e1f101cf5d3dedc"
"47","489bc11c1d5e364248fe7e21c6f940e5710ef85a"
"48","4f2cb39d912fd042d6239164b53b0325973761c6"
"49","3808635ee3321b8f189485bb45538d4ac7ccf5f1"
"50","c5ed720244d2f7f88cb784ce20c2e31073a08db7"
"51","d13c98926071fb282b5c2c23d40d9c66a1ebefef"
"52","34420e22439f833b67936dc0e0dabfc7c7dcff81"
"53","e5f0fdfe162fa6fd353dfd3198fd9d62785f7f20"
"54","35df23f8fbe206fdac7b06ed80828d93694d83f0"
"55","bfcbd80b2af93011461a2761c0dae9da6bce72b7"
"56","cfb3272f2bdfe2310bfcb97e0fbdff2c3ee22c45"
"57","3f583901df9b784c852c04135555647d3dc2c1bf"
"58","eb19577af992e481d2f239c2e1b02758cb4242ee"
"59","545786bd44c92986ec6391eefb00dd009fd0d104"
"60","30186dcf0314a3035e47718b991781bf5765d1ca"
"61","c840c97e60e53f20b97f0b0bd3bffe970c4594d3"
"62","f8307fbda2c6146f379b1ad59833108d164777a8"
"63","4d9ed05925d12f9e7b8ce8bcf31b73185f9dd9fc"
"64","e5037fb354b104d469f8df74e947932db3da1170"
"65","9c83949110efcb0155ee41a15456a526f2dc4368"
"66","9b1ff743fc756551fb31c6aa4a387043ae6adc2f"
"67","68895707a259c6a37b2ca52479136941d1b9e2ee"
"68","0fc71a3acb2643ba9834bb34e8efeee52c752b2e"
"69","3d4df81d1a19834dec4ee6055378adcc7d1fabc5"
"70","2294d0d44ff81d69f7b527ebc5a4bc179df73171"
"71","1debcd909f2b9f36880239715c86f89163438aa4"
"72","1276416ce52bdf670f2752026a49426d16eba5c9"
"73","0031809e6400d1144e8f89b1aa63e16541e3e93b"
"74","cc2b7b3b0d7ff39567d84b22acedddba57d6eaee"
"75","3e425aad0afec604f750d9c402435d8c282c7748"
"76","6a693a97877cce672183b59af27c21219baad6d2"
"77","2569ab54f293c70e0a671ffdd9eed317dd07e54c"
"78","c671c754e9cc9beaa312ebc6190823803aa9684d"
"79","c0b821532835f078e96f2ee93ab368ddc85bfafb"
"80","b62958270251f47083dbb702fccbce93a87f68bc"
"81","6ed95963343bd6a2076379f9ddc4eacd61d23624"
"82","b5a436d29dc8db58555165acbbfc8b7a8577ecee"
"83","53fa63a5c12a77b789a7903be9d878217d9d9333"
"84","cbc7b2faf1d1ba79f8a2b85883b179d202841d75"
"85","8ad43e45e5e782979ce058c2b2a0b2a5836145b0"
"86","821be0451f711b0f5a708c08c124478c12ff8a05"
"87","0475da937e8a924dc768387530dd565aa2ba9e1f"
"88","cd1fbb6f47689c415fd82bf156983c9324f2748b"
"89","2461e140beb4182978a65715fe0a728dcb4af493"
"90","e721eab53fe1f9e1e81b4c6b3cafcdf067d45763"
"91","a5b45552641512781ad23fed3ce4ea411b34bbe2"
"92","d02259cf03d64f53468a517910936a616e607ab7"
"93","c07a186901b3ef205087f5535e31c267acb84993"
"94","ebde93bfede95a60009b235f5d6e52fe90e9142c"
"95","232f043f80e3b7d1cd79599560e3ddc6a4e3686c"
"96","79282052b70b45c9b8864cd4ef5abc98a9d9816f"
"97","0560d9e5e2e889bc5a20cbef58a5b4a274899733"
"98","5cf3d1ebd3f09635e5ed2958409f8d93335b6815"
"99","f5ac158e20638dbd8ce141f91ef0a0ae92ae8918"
"100","4b5d600b5e0b19fe406567b27e86ecf862a141ee"
"101","dd235e3727a269ecbbaab1367265e3f40471af6d"
"102","6e879185d6def7bda7b990b8afafa68800dab31e"
"103","c72fe49a42e2e989f7661241905b52bd62475808"
"104","8bbed9135a6056a67c8286e9e9ea47f78639bfce"
"105","e0f0cc7ce74d128fca18b277f5277f4140b04d62"
"106","7de7a75ba5c09a43db686d12f21827b4131c058b"
"107","b12f6f32bb8f74aaa1d80e10ac1a195633f30395"
"108","dc427d349f3e2654e37ca55d0698e18ccbbccf6d"
"109","5c9170eb6d93460e764912f4cb795b42c4d58f4d"
"110","9927ad202368127f55b3e779655932624666bb3d"
"111","431d44e4edb4f8b56a6d08c55d34ac0294dc58f8"
"112","fe091a735e818fc64a21b61f06310ba93feb878d"
"113","5e01d597f55e3b51cca204d0f3decba1cf4fe317"
"114","66da962b3371498e8b8bdff4a66c9ae270d0fde8"
"115","dc876d86232ba5f931e07e39c11841fd8a03c801"
"116","10975d1d91d086e7b629c63829371c3e0f3bddef"
"117","ae258202eea26bc4f650133f81b3969a66cd1ca9"
"118","2bf75f54ecd9987591b10863df6254d886085682"
"119","5af3f2dd8765b074ae1be5460aa225a375e524ba"
"120","efe93e83174fc4f0c785b0021f59e721c603d6ff"
"121","c21922335c1ec09b0859e36377295ed97b21290b"
"122","e1e7a341a6fa8eca6dbf5b70f57280f3a90d0566"
"123","2f9795b4e96ef54ffb237aa2794f547264f880a0"
"124","6739262631e9708602cfd3f9c4be26a4a062cad3"
"125","5d03daebb320047e8139a78bb92eba0ed0236737"
"126","0e07a427c4050f4319a92bf70d399df6da4238d2"
"127","a2ec8d55003c84a8191bc019dea61c14e72b7142"
"128","dbd1b6c16b6640d807e1f34701d4754801a4679f"
"129","05ddc2b1115f11514e43a4b3e6e09e3833fd875f"
"130","711dc68914ece3924dd470fdf2b94b021a245ac8"
"131","a0e87766f1dfced140f76c7bc4e0508dde2bcdda"
"132","e7b501a845a6b5ea8feaf5d7d2f9f3234b6bbc0b"
"133","4a657732f22fa6096de2cbf0c7e096b8893ec3f4"
"134","a46bb7565482b925575ac4d6a8a907266de782d3"
"135","a1b5c3ab76393d708e818f8ef4999638317c2044"
"136","28f0f3414d81a80cb2264703001a028d2aa629d9"
"137","a63b535980b004ae3a2ba5c4ab5a7e0fc3b643e1"
"138","51a91a83d5bc93fd30ff4236756f663830d9f2f5"
"139","2200555bc91351d04c1698c60e335d93ca69d16a"
"140","9f8486ef76caacfc226dd43208f9967353854d24"
"141","229d494f2e0d9652c1d240656495d365ee00d576"
"142","ecac1470b8b54744119372964a3eecd08a619f31"
"143","373e272d79d568ce634181e7b651bdd32fd66416"
"144","6fef5cd93ba98d58bd426cef36d84d9b712db984"
"145","681a72db864ff6e31d8a8f13ef7633f830d874d6"
"146","d40fffb2f60f9d11b68deacbe8ccc3d88d81890f"
"147","d5ea3d523b4b998a153a2958ed9929beff84ccff"
"148","f4992f6e5454c86cf716485f9b39c54b3e09cd9b"
"149","a7b6acd9532c83df49b2b9948602a15424d7429d"
"150","07f09db01d8e41f6e62be45dd1b26c270c910342"
"151","88b0662b8bbacb8fd7a812e266f0176c81e6c3c4"
"152","bc74d6b0c4f2ec1149c55dfeb8e4803b88275f03"
"153","e56801062e2ae1c52ebdb899c669e021055d7003"
"154","ea0aae2faa336765adf36541a8b3819b02f06492"
"155","9d6d4af0cb2c5fee6354e5456dc1ef941cec3d3d"
"156","62f8d23ad945ce599a56dbb366a80f2c3b9d50fa"
"157","c42699d8f3c4f0b4f95724f13c93388b5745bf0d"
"158","17eb77da161a015b9db2d2610415dd65e6a83d1b"
"159","8e69d9ffeb5aeaa187ccbd6843923a4d41af6654"
"160","168e445d991b0582018b190a50d1d40ef559929c"
"161","0b5fd2ab88e002412ab6092deb0910632cba8c97"
"162","cc4b37fbff7193ebd65fe0e0eb855f761334b6ab"
"163","e27078799683f9f15f67267230647ef9a64dd372"
"164","5654d0828a5c8367ebe605f8030e8b595ad8949b"
"165","12fd3a7449eeb2b524e62600dcb563af6b51933d"
"166","8c26dba1ec3ce99a84d9fc05c4db0427aca010bf"
"167","3659275827a528da21e48250e4b6f746b84055ba"
"168","fc4317ae11b1c7dd515ddd122cf3829dbdf80411"
"169","bbe021d1cf45b0467c8910b50da2a07bb51971f7"
"170","11eaefa363c835086375a4731304af6fe3d6caef"
"171","5cc36ce012e778b4750acb956ad8954df0b0edd6"
"172","613ada23eede45fb003e71956c2b276e4e34c4cc"
"173","495a16af51b3342de50ca97d5f4b554556bdd27a"
"174","e04c3ce70d9cd17d5c06a6e99328c553f26d8c78"
"175","743fb098fbb66a2799d440389e2a7c74fe4a11a1"
"176","9681dd051cbf81f851f58b34d3fbfc885cefc510"
"177","e7d5c96919ab93601db4302956ec10a792ba8b7d"
"178","f1e7718dd3b431ec9ce061e1d394b73c12db0f18"
"179","d4aade8cbfff06fc10bda1aacea072227572cad0"
"180","cef464410b16b49e638ccb7b1ea12659d2b30199"
"181","41eefdb330cdd4573b0af2fed30e05aeec850cd4"
"182","cdc112410478c7823d0c6ce5c802a9f645cbbadf"
"183","49fd620b57adcb275229d736c74260be43c9f9c2"
"184","a4749b95b7dba1066800246b892affd17827a6c0"
"185","3803fbec86fc0b9d806ac1090a009745b1777462"
"186","149af08c019089fc79ce2f60e3b4c1979b998ef6"
"187","73bb1ace37ffd4d3fb7669ce5e6a63dad0d64016"
"188","a2e6d0a8e94e8d321afaab2c69c6129675f6af22"
"189","15e2d9de6b1331d1ac78d45a603ff4cba6c6f7f2"
"190","e2f55a37504a157ff25b7cc3d97a092cace3562b"
"191","253223c4d91249a9237eb737533e0d78e2ef1ef0"
"192","9b5b722e8e4942fac6f875a9587192b30158ecab"
"193","aaf6bf59250211fc6c5d9071faaeb3be1de0ce9d"
"194","d54f3035edf37850deccd8ff6e26852bb96d5491"
"195","62d8e2c7b08c644a56eee0ae8daa6aac90701488"
"196","6803329b5fe3346b9d4da7f9f904219108dce9c5"
"197","ac441a2421c39565bace7026149bdb2a6d1d67f3"
"198","c8acd16d98abd8cc5ef4fa4138dbce05951a9836"
"199","8dde4cb91a6eb95e047524ed3cc5aea0406f50b9"
"200","4be227e2421168515df22853c7f8f40c9e0d1adb"
"201","5366389eb5bb56abbe257c6b33bc7695e38bab18"
"202","26e8afa3b7aac0d3584acaf25e22a8255e80e829"
"203","0e8c48afcc25289a66556aaf9be211b399bc9d23"
"204","20bb34ad0185a60c428a4aba7ef0680c898eb298"
"205","553aa56fd99de97fd40ec56c8366d282963584fd"
"206","ee20d74ffb15ca9fcd64fe8d35a093d6ef70c982"
"207","ff27c5c2fc5a2bd5987b379bc74d2cebf27f45ec"
"208","e99de8f1c7d40923440c423cc89e68686c39956a"
"209","2701a69499446b40d16b8c1aec965e0f0a42af07"
"210","c94afd10043720c746a729e76ac5887b7663917b"
"211","b73bff1ba085d181ce2dcc4ed9a3a6f8674c7db7"
"212","232c03d59b347c6149306c2eb931b070e3b9b1c2"
"213","d17b5eeb71b99f009e59ce72141a122dd964c754"
"214","2debbba45b53e4a9293c6115d5bf7e76ee194cd0"
"215","f0021bf055c7078f687e81006b3ed0fd60c7e53a"
"216","12ec8317840759a71e89f191ebfbcfcecaa6a3ba"
"217","66a28c325576a1e1226ee7b92fafb7e85dcae50b"
"218","3d892ff531d6b4464e7fbf6f5bf8e5f6d0e02e4d"
"219","050797201ace8803a55af79d82b35525b6c137d4"
"220","0e6d7655f61a293356bb1705017fc63b5962cc2f"
"221","72aea6f0e0a426396e867d21103642c98c08bf85"
"222","ca355dd9e493469720b333184a72ce7f89de012e"
"223","4d37666f049f3b829a4044414545ab2197d3a5f3"
"224","494598622036893bf163ffc23da99cba9a61e7df"
"225","670129b5fb7daa643afd8b9e2e9b3b7e90273987"
"226","2a6bbdd82497611b5f02357e9885049b84bc46b7"
"227","0186195de41a0607a9af53f7d9d436b7cc69bc2e"
"228","106554d7d3f1192b5e0124fb20f299cd06649512"
"229","6ec29e9beb3ef66e57001c21de4cba4248ed77a9"
"230","f7c4e4d23f463342395aca2e9f5f9b91f153ac99"
"231","fac736d822ac9a4b26bd5b6dac88231ef07aa075"
"232","2f69c8ba7253da77cb3983c9c06934f9679097c5"
"233","80d6c76c78f7d5066ef689ae68c55a65ff50ac62"
"234","3bbec662f134f5df1747564b52704500d091ea48"
"235","42f4c3fb7ed775333c7f3d4d34ba07be2d7cd73e"
"236","7af6a485669ed868e9d9708fffc5a526693df830"
"237","8106b33260779b0a0b78f33fc35fc1b4f454d509"
"238","feab442c865bd054333de89bfb842d19b35c9c68"
"239","3456abf414463ff692cf66802f4fc9476ad2eab6"
"240","61973c3f7f49c5d03506479c5269f16f36cd477a"
"241","9e765377742c72c5bef966099f9e2e8c85d67680"
"242","d441481f4db35f2c1a0eab80f2ba208354301d09"
"243","733b2274a604e5a148e348013fb3311d3d10ea20"
"244","299cb6576365e087b7a395f4abaaf873c600a3e5"
"245","e927e7d3419f9868fcea484e537af12b931673bd"
"246","3fe7b94c9741f1abed984432c0a4e8c086b0f6ba"
"247","1e7f1cd68a9a27a1ba6bace3e4d22beae2d8f887"
"248","21e76bdca3856d793e670142a73fd48ee33a0c45"
"249","69766265394aa7b6d3ca2ad6c6e9553520102743"
"250","09c815ca0d427c13152de1acb19c2856ca601d02"
"251","630e67f48ab9d63472cd534a773db5d40fadce6e"
"252","813f1d6029202ed7f1a6878b2463d2054c086e65"
"253","30d69f35f479f6f71485fb876c358bb0e753c5e0"
"254","ccff21371bbe8d039ed47a487e16cc95cdd1249a"
"255","7a4d6766c40f74acf64792ea7112942c698aa72f"
"256","c90862a44c99b5ec3d94d201ac7b501535761ba3"
"257","21f15877a76728a2025d14fb67787d7238755045"
"258","4aa9b127f933972fc3b1fcf195cc962bdd3f8c4f"
"259","6ca5dba61f03dff9c81fa24e9cc700d789c580fe"
"260","a601f23709b853e23fc216e75ff4eecaffa408bb"
"261","826bf938d7f28a15503c7f215d5f7401e661d1a0"
"262","95c31ad72d5756daa39e8be2298362295dde1106"
"263","1e0dee04eb3f51d8c215ad5852d90799846f90a6"
"264","a365e05c68c2642ddeec09d9f6956e5994c616fc"
"265","14b088480d2fe091909bbf444e4533f82b417273"
"266","f1570fb06b6265cd35b60fecc38183585e715c6d"
"267","d7959d69db0225e36145b80af2f59b78dd226ee8"
"268","bf127b05869a1f043a21a7ccfab5dcd45582fc82"
"269","2f6b6ceb8595b3111b3812351b1286cc9e630eac"
"270","617924feceadbc11fc06043da888c1d2e7997d38"
"271","b95f8e30ad6a595673cfac3a34d9c345c449227c"
"272","8ffd8777405e70e53f297710de256ada50dd1022"
"273","06aba112eb866f0dcba6f37cfd447b6c99a37c79"
"274","0f0c66f9d20dae53ff3c666d406233841f1cf857"
"275","dd1e8668694e02b810b457c79d300d18495a7690"
"276","254c6e6921735eca1fecf8a5427150edf74b9f7c"
"277","cc48b9cb4da14ba84ccb71b8fd3e066d05efe8f0"
"278","70ed7e79d95cc4ba09ec160aab8df1ae38661f2e"
"279","21eedbfce18bf64424bf6a4c75116d179ea9e540"
"280","0fca8fb630ad64a918c299833d6b1d278a76eafc"
"281","d9a3f8ec0b297bb59b95a05f46ba9a5082e43375"
"282","490956a6470b498669dbac3478235c21d88a703f"
"283","6e98ef3c37c609fb57442781c2746c99cad17eda"
"284","4211930d5921091600616bbcefd0d6ff097c2f26"
"285","1b134cf00524053d227f0977e9399738b6fe779b"
"286","d9fa241dbb6488297fa2baa7cba9e672e4040d44"
"287","b18246d66fb16286f8a5053c9790644ff109437c"
"288","93cf13f6b037bb42d6ab41a58ecb4480b76cba44"
"289","6fd2478fcd564c1ce30ddaa48853969fd1ca5245"
"290","ec803254a684ef3d08691fad97fc864a885dd540"
"291","ae9842ca9c557a64b74f4d83792ec4ead6333cca"
"292","007432ed3af54bb77254b8254f4befeec945308c"
"293","3ee5f4547545b73ee537dda01fda9ada67168c7f"
"294","613ada23eede45fb003e71956c2b276e4e34c4cc"
"295","eb44523b74f16718571dfbb7e2b072a22e550b57"
"296","3140f5e3a0c1671a936c2db3870f89a81145e526"
"297","dc3bb4ff30bf8002b23e6a9ea3d100324f86f14c"
"298","4483b086091c34dc75d9dad109f8de71f84a0160"
"299","11278aa8e2267efebf4ae83226f53bc7a7676344"
"300","945b46cec2410052fd77ad11458ffb25f6f6d77f"
"301","3684ba0b26c449cbe5b68b432d2f8686b8b87d51"
"302","eab770a2b7ea79dc3dddc80db8c3529c1ebd7d10"
"303","d1e627689fd915ab5fe467200fa91c8243c5bc61"
"304","9b8ca52da2fe19a2767ef23d8ee017ea00ea3279"
"305","a13027101b83d4f65f03e91c8fe7046429d727b0"
"306","4832fddcf68c1b56930fde1f2b77f61885345e8f"
"307","13caaf02af78c4b3ea20ca70c45d858f61d2bd1d"
"308","41c34391cc02d3fa7a8fcca9ded3ed8edcf868fe"
"309","2ce253552cd2fc2c985f59ce03f15de384f155ed"
"310","e450355800597c4b7ebc65b0f88c485e7ccfcb54"
"311","556c7d2a1973213d05072e78533c1e0b268227ea"
"312","caf8ce62f771619f194cf828b4ade3f538e891b7"
"313","e65adcdd28baddfdf2424ee39105fd7a8b5ea1e5"
"314","3025c110ff86d4ebe4692fd7c981c59591386b5f"
"315","1e5a13d0a60a5f1529f2d4e9da50c66e42479ac4"
"316","8465a8c99f97f5489abb0bcc8ef07ba32945f0be"
"317","912b98eecda693e28b7d0b62445631ad27c25619"
"318","5f55c03e9a1a96dbb93f6214ee10008a3a258096"
"319","db19b927c5fe00796dad1c68a9522fb120cf27d4"
"320","e070974ccb106ecede9b62d1f71e991042bbb69e"
"321","2e8ba68d870f0f3983a39c6d8ba89a124c013221"
"322","a055bd071b47ff827666658cc04844b6886eef8b"
"323","395c1902f373abe2dedb0a508b9719996d7a754a"
"324","4d05c9621bef295cbfd3a92335de4173e0723c2b"
"325","7b93a7799efa033e067cb0da50260165079bd71b"
"326","fd7be4bad673e59e931da7d47cebef797f1aa716"
"327","9d58cbf17494ed9ad602db4676153e02e4b8d9b7"
"328","bba5b64b25fa0adff7d1768a08541770aa800df0"
"329","dcfc5873b02a2f494df9ff107ed4a2852a9f042a"
"330","9b01c7af95f42c5373da9de326773c0619b5f0f5"
"331","bd0c032147995c479edd73a325e91317e51a9499"
"332","4aaa358a43a196ae893e3b0f3d3d7e8a5e7b5a87"
"333","9e4524dda3eb7332e01c060c18487796d8d755da"
"334","d3985668289438cc8290a37134783447d505d261"
"335","bb6d836313c1d646fb7ee3c42b268cd55715a644"
"336","a7d525a05d46d9e876c0d3f792c089fc83e02186"
"337","893c70391139155f02eede6601b94113d0426369"
"338","5699aa99877daca768a07a624610607a28569c5a"
"339","7e00b5cd8b45e6145fd5bf8478eb1e278426405f"
"340","e3aa031fc4d5eab6337dac954c9e48bc5bb07912"
"341","1c5e31c32773579a87a2d38ab7eb528bff7dceb7"
"342","99c71c783df186850c74a0cdee3795e1940cc9e6"
"343","49cd168e16da8ca78a5aa2c40aa2baa7cf7a02b1"
"344","eb94729d0f6993848a1309169a25d753d37c81da"
"345","71cad7d2215ccb645f2e0dfed1235860e734ca72"
"346","a80cd3fba95dc4d6e031a080a02c4a97d3d97483"
"347","18fdc402ffe7c0c22657062e3b182b3dd458e577"
"348","62fb308799ec24ab220665b3bad1b261d46e5306"
"349","243cf1e2da8ddfdfbfa4bc31f75fd7fdb15598b1"
"350","8441721854a23c725f52f61941a60d4d1342141e"
"351","000d7445370ec01b4eb348a6374dfec7893798a8"
"352","e20b1b954d2b2680d2fe6960a9baad14387fdfb5"
"353","4b542d64570f02ca6a3f0df895264fc646f63887"
"354","a6159f7b359745c7f017013db368db88ca7e62aa"
"355","47c62fec6c9fe12635f9c62e4f7006d839e82bad"
"356","9fcf737770d6efd2725d2dc324b427742d907502"
"357","ee60f7523afefcc81e28f7f6e887f2354e5ba174"
"358","70f8b9231787c0659e582c0274ae733b262ccbf8"
"359","acf0837dd0007ccf8255c9c07ea7356a5eb55172"
"360","ebc1f410e904c64b5305db9d4ebe5c25da90e97b"
"361","975911d0ce6f1678cfc42241e99cdc6c6362aaba"
"362","80318726e58aefe165f5d8fabe86b162b95763b3"
"363","ac230a7830a5b791193892d4aa4b9097a31c3e08"
"364","fce32aa59891a69843fb36199359e2e1d45bb824"
"365","91a63605a37820de0d756ae2a09b21ffca511e4c"
"366","7d3b880d2ecdeca87921f575566a7b02bc940c35"
"367","935d2cdddaaf0fdf19d1159f7b75c7161b37e127"
"368","b6cc742e9126b2d417463690d741a21307996a51"
"369","f22f81db6c09a61bab43fe31715a610997e44846"
"370","8e179387498f3870d4491faf2fc4b35aa10b21cd"
"371","820ea265a95d0ea8fbf7b0c200b190bc8528ffbc"
"372","c0acfa87d8700befc9e62798354656e3ea53ddc8"
"373","e76fdaaac4c5bb34a440e7b91319402950f4d030"
"374","5d0077febcb5be202caa8cbe891638211f367f95"
"375","63ec1f117742b8f8416bcb883200e56561b389e6"
"376","c7ae455b148756f47dab0d8f9e90e322d13f948a"
"377","fc4f2485434f9d5d1a5e8c0e260786f863dc943d"
"378","d8c2eddf97cf64809fff809cdebe9fa18902aa7f"
"379","e97550ea599ccdcbdb2a9cd4f1bde5329f29e91f"
"380","a0f7de65cb1395a1474da19529e5a785c6edb251"
"381","b711f854fd297a53b10c86019fdbe64e5267d69d"
"382","7b414e85139c0f4cc633b26823ca450ae25f8904"
"383","45a8d40800e35d04c475eda45ced7f68025d5bca"
"384","d369e8eeaf689eea418c9c26c064d9815b6f1e45"
"385","2b248d42b0c52450daca47fef303459b7b90533c"
"386","9fc83992b4553055aea63a1fd7fe4e078abfd141"
"387","28920a64d7ea63b738625170e5ad09aac93320ee"
"388","81ae6f5e90b45f0f48596c6b9a4ba4a0aac2ad96"
"389","f56c625a41d6d4f40da7fd7e196f9c4f65c63caf"
"390","74f34cf0245c67cdb24eeeb291365f9043fae3a4"
"391","0d996db734e4547d1bc0404bc4574c62067b3153"
"392","0a2d465c31d66ca9b3489227d87da6d533bcbf70"
"393","a0295749fd54da953ff530a25a47a070286c29fa"
"394","7348fb258a48cc0f33df3f9dc13a04351a09f8d9"
"395","4cd52bab3ca7db95cc7fc0fa3f55d79cf994a1ad"
"396","4d85f53e73b6aebea8f7c2894e6cd9a92c97b389"
"397","d8d2e3cc0bda595309a5edb6b0dd4b080f752b47"
"398","f964191e7201204dbc312336824a9f4904e97ab5"
"399","249f904935742b46f770a7493372dfa455b51dfc"
"400","2707f12474ebe580950e65f4406fe2c10571e54a"
"401","dd10fa908d08e6badc755bc24b45f96ccf137ca4"
"402","78e322416ac1ebd25947dd7a9f179d912c332b63"
"403","37df24b3b405d7acf9725a9c80513f078d220e93"
"404","7c3dd2cf461cf011137d9ef415cf4ee2d834db76"
"405","9a87a745d2ea06bc91a53ac72e5c2cd0d6f1ab15"
"406","43d5ee9f46300398586c0c340a852f1b3b396ee3"
"407","4ce3dff2f42f7cf8ef85cea3b97f7e35fe93a123"
"408","4ce3dff2f42f7cf8ef85cea3b97f7e35fe93a123"
"409","2a6fe16d2e94ef2d193c2e4af45a10a4d5f5c3fe"
"410","cbe1a6d308e50d5dce74b65c217ec5f96f08171a"
"411","fd00bccb3902ff8f8f94afebb8d904dfa31a81ba"
"412","d73e569b466fe5f5c654c4250147c964ea3fbbc4"
"413","5fa939b216ed95300e8c95e1cf399968c08a0dc3"
"414","616b3bed100090050b51bd9a017eb757a6d4a741"
"415","4662b2622ba3708e8c9eae70b9934c229468fccf"
"416","7e5e47a28b64c3f29b874343786a95550ca2a2fc"
"417","78552845475ef8bff682d58faf6bccf7ffb6c72c"
"418","9a94de0bd778e127a43e6ee78a130118b3e8eecf"
"419","425d4fe1c4444cea002ec1102b265a8306570445"
"420","a9b6a5db9c3b503e57a18f3d9df195f0fda539e6"
"421","9732a51a604829ebc29ee23114bdb5fcbd8604b8"
"422","4f2410cd99480a16c57293da71f458c57573ae45"
"423","0f48c8588eb3e8a07429d741b9303c00ed98fbf8"
"424","39f994829e5e7f23e52ac7881036ff46ac2b1194"
"425","5eb58971ee04f51b493298c575c439dc1cf31835"
"426","df6f0d524fccca1e765c0e5b07998dcea6df2185"
"427","22a51cdb07ce126deec6d6234feb9bc0a3e314b4"
"428","e1fa3d1d9c20f26614ff0c832a903b70214a6dc7"
"429","c6aaddd0a839967bf1aefa7ce8a1c613207ab087"
