branch,sha,classification,ancestor,reasons,active_refs
fix/405-multiline-docker-secret-argv-gate,000d7445370ec01b4eb348a6374dfec7893798a8,PRESERVE_REVIEW,False,NOT_ANCESTOR_OF_MASTER,
chore/verify-fs-u-conditioned-consolidation,0030f31615df78d0079a90f95b0a766fc06653d0,PRESERVE_REVIEW,False,NOT_ANCESTOR_OF_MASTER,
docs/scripts-readme,0031809e6400d1144e8f89b1aa63e16541e3e93b,PRESERVE_REVIEW,False,NOT_ANCESTOR_OF_MASTER,
fix/protect-destructive-local-test-all,007432ed3af54bb77254b8254f4befeec945308c,PRESERVE_REVIEW,False,NOT_ANCESTOR_OF_MASTER,
fix/linkage-conflict-margin-log-odds,0186195de41a0607a9af53f7d9d436b7cc69bc2e,PRESERVE_REVIEW,False,NOT_ANCESTOR_OF_MASTER,
dependabot/nuget/Solution/tests/Jornada.Integration.Tests/multi-fffcd3bddd,01b5cb23f9f5637903ebbdbd14103c1feda8a7d9,PRESERVE_REVIEW,False,OPEN_PR_663;NOT_ANCESTOR_OF_MASTER,
chore/local-round-continuous-only,0216ff52c48bb220d8eff503900c671469d936cc,PRESERVE_REVIEW,False,NOT_ANCESTOR_OF_MASTER,
fix/rf052-bootstrap-persistido-runtime-v2-20260929,022934ba231b20e2dc1ca86a213035559ddca869,PRESERVE_REVIEW,False,NOT_ANCESTOR_OF_MASTER,
chore/security-invariants-pre-rc-398,02a88faa565063269476eb8ce8954680e035e381,PRESERVE_REVIEW,False,AUDIT_RELEASE_SECURITY_NAME;NOT_ANCESTOR_OF_MASTER,
docs/v8-tf-corpus-demografico-20260929,03a8ab7d257335d46b7dd7be635823f4ca769013,PRESERVE_REVIEW,False,NOT_ANCESTOR_OF_MASTER,
feat/calibrador-ibge-u-bootstrap,0475da937e8a924dc768387530dd565aa2ba9e1f,PRESERVE_REVIEW,False,NOT_ANCESTOR_OF_MASTER,
test/ibge-draft-sql-precondition,0503d5d80d802658adb60aab1bc849e05e99996c,PRESERVE_REVIEW,False,NOT_ANCESTOR_OF_MASTER,
fix/ibge-diagnostic-readiness-sql,050797201ace8803a55af79d82b35525b6c137d4,PRESERVE_REVIEW,False,NOT_ANCESTOR_OF_MASTER,
feat/df-calibration-frequency-observations,0560d9e5e2e889bc5a20cbef58a5b4a274899733,PRESERVE_REVIEW,False,NOT_ANCESTOR_OF_MASTER,
feat/linkage-governed-weight-provenance,05ddc2b1115f11514e43a4b3e6e09e3833fd875f,CANDIDATE_DELETE,True,,
fix/local-scale-blocking-projection,06aba112eb866f0dcba6f37cfd447b6c99a37c79,PRESERVE_REVIEW,False,NOT_ANCESTOR_OF_MASTER,
feat/linkage-semantic-birth-v5,07f09db01d8e41f6e62be45dd1b26c270c910342,PRESERVE_REVIEW,False,NOT_ANCESTOR_OF_MASTER,
feat/synthetic-manifest-contract-v1,081dc33b671ff268250d5b23f4e13e977b447eff,PRESERVE_REVIEW,False,NOT_ANCESTOR_OF_MASTER,
fix/linkage-v6-default-config,09c815ca0d427c13152de1acb19c2856ca601d02,PRESERVE_REVIEW,False,NOT_ANCESTOR_OF_MASTER,
work/identity-composition-publication-contract,0a2d465c31d66ca9b3489227d87da6d533bcbf70,CANDIDATE_DELETE,True,,
feat/name-comparison-runtime-v7-clean,0b5fd2ab88e002412ab6092deb0910632cba8c97,PRESERVE_REVIEW,False,NOT_ANCESTOR_OF_MASTER,
diag/linkage-abbreviation-mu-support,0cb28212bde5bb349a377bdd5c0bf56f9f955d9b,PRESERVE_REVIEW,False,NOT_ANCESTOR_OF_MASTER,
tech/dt06-migration-baseline-verified-upgrade,0d63f9f4620b8a9973f1c5d38e37e3973ab295c0,PRESERVE_REVIEW,False,NOT_ANCESTOR_OF_MASTER,
work/identity-composition-ledger,0d996db734e4547d1bc0404bc4574c62067b3153,CANDIDATE_DELETE,True,,
feat/linkage-decision-quality-gold-pessoa-r6,0e07a427c4050f4319a92bf70d399df6da4238d2,CANDIDATE_DELETE,True,,
fix/ibge-reference-active-state,0e6d7655f61a293356bb1705017fc63b5962cc2f,PRESERVE_REVIEW,False,NOT_ANCESTOR_OF_MASTER,
fix/blocking-incremental-contribution,0e8c48afcc25289a66556aaf9be211b399bc9d23,PRESERVE_REVIEW,False,NOT_ANCESTOR_OF_MASTER,
fix/local-scale-environment-encoding,0f0c66f9d20dae53ff3c666d406233841f1cf857,PRESERVE_REVIEW,False,NOT_ANCESTOR_OF_MASTER,
work/postgresql-processor-persistence,0f48c8588eb3e8a07429d741b9303c00ed98fbf8,CANDIDATE_DELETE,True,,
docs/post-rc-governance-404,0fc71a3acb2643ba9834bb34e8efeee52c752b2e,PRESERVE_REVIEW,True,AUDIT_RELEASE_SECURITY_NAME;ACTIVE_TEXT_REFERENCE,Documentos/Revisoes/2026-09-21_checkpoint.md
fix/local-suite-deterministic-db,0fca8fb630ad64a918c299833d6b1d278a76eafc,PRESERVE_REVIEW,False,NOT_ANCESTOR_OF_MASTER,
fix/linkage-decision-evidence-v6,106554d7d3f1192b5e0124fb20f299cd06649512,PRESERVE_REVIEW,False,AUDIT_RELEASE_SECURITY_NAME;NOT_ANCESTOR_OF_MASTER,
feat/linkage-blocking-name-space,10975d1d91d086e7b629c63829371c3e0f3bddef,CANDIDATE_DELETE,True,,
fix/scale-evidence-quality-corpus-v2,11278aa8e2267efebf4ae83226f53bc7a7676344,PRESERVE_REVIEW,True,AUDIT_RELEASE_SECURITY_NAME,
feat/pessoa-v5-secondary-identifiers-plumbing,11eaefa363c835086375a4731304af6fe3d6caef,CANDIDATE_DELETE,True,,
docs/requirements-vigencia-cleanup,1276416ce52bdf670f2752026a49426d16eba5c9,CANDIDATE_DELETE,True,,
test/dt10-ci-evidence-clean-20261001,12abd8db6d66624579fd810d283d4f9b42ddc9f5,PRESERVE_REVIEW,False,AUDIT_RELEASE_SECURITY_NAME;NOT_ANCESTOR_OF_MASTER,
feat/nome-mae-nullable-v3,12fd3a7449eeb2b524e62600dcb563af6b51933d,PRESERVE_REVIEW,False,NOT_ANCESTOR_OF_MASTER,
fix/security-ci-sqlcmd-env-405,13caaf02af78c4b3ea20ca70c45d858f61d2bd1d,PRESERVE_REVIEW,False,AUDIT_RELEASE_SECURITY_NAME;NOT_ANCESTOR_OF_MASTER,
feat/linkage-blocking-parallel-diagnostic-20260927,147cb7f3809777730efea6ff3801783c494c4ff1,PRESERVE_REVIEW,False,NOT_ANCESTOR_OF_MASTER,
feat/synthetic-evaluate-416,149af08c019089fc79ce2f60e3b4c1979b998ef6,CANDIDATE_DELETE,True,,
fix/local-full-python-windows,14b088480d2fe091909bbf444e4533f82b417273,PRESERVE_REVIEW,False,NOT_ANCESTOR_OF_MASTER,
feat/synthetic-wave-stable-origin,15e2d9de6b1331d1ac78d45a603ff4cba6c6f7f2,PRESERVE_REVIEW,False,NOT_ANCESTOR_OF_MASTER,
test/dt17-v8-missing-matrix-20260928,161df95d224540b1d54af74e798b09c40c7962a9,PRESERVE_REVIEW,False,NOT_ANCESTOR_OF_MASTER,
feat/name-comparison-contract-v2,168e445d991b0582018b190a50d1d40ef559929c,PRESERVE_REVIEW,False,NOT_ANCESTOR_OF_MASTER,
feat/dt15-readonly-master-governance-dev-20260927,17137b4ee58f44508c964eaa9e38304248f444da,PRESERVE_REVIEW,False,NOT_ANCESTOR_OF_MASTER,
chore/post-rc-secret-hardening-405,17bc4363b1acb45db3e987f9406c519b305a7fb7,PRESERVE_REVIEW,True,AUDIT_RELEASE_SECURITY_NAME,
feat/materializa-chave-publicacao-nome,17eb77da161a015b9db2d2610415dd65e6a83d1b,PRESERVE_REVIEW,False,NOT_ANCESTOR_OF_MASTER,
fix/windows-synthetic-projection-fixture-stream,18fdc402ffe7c0c22657062e3b182b3dd458e577,PRESERVE_REVIEW,False,NOT_ANCESTOR_OF_MASTER,
ci/dt12-precleanup-bundle-20261001,195fefb7f782e01c3e2343283b4c49c373afc11c,PRESERVE_REVIEW,False,NOT_ANCESTOR_OF_MASTER,
fix/migration-ledger-370,1b134cf00524053d227f0977e9399738b6fe779b,CANDIDATE_DELETE,True,,
fix/dt12-bundle-all-remote-refs-20261001,1b214b519ae3e346b0a24601d77fe315c89983b3,PRESERVE_REVIEW,False,NOT_ANCESTOR_OF_MASTER,
fix/windows-e2e-retransmission-fixture-parity,1c5e31c32773579a87a2d38ab7eb528bff7dceb7,PRESERVE_REVIEW,False,NOT_ANCESTOR_OF_MASTER,
test/dt17-transversal-regression-matrix-20260928,1c6f2c4b3a7fb9a42bce87721ac3a8aa1f8624bb,PRESERVE_REVIEW,False,NOT_ANCESTOR_OF_MASTER,
feat/v8-oid-evolucao-20260929,1cb4cbeae27adc6f129aa55b6fc1b5abf1fa2923,CANDIDATE_DELETE,True,,
docs/reencontro-governance-official-name-20260926,1debcd909f2b9f36880239715c86f89163438aa4,CANDIDATE_DELETE,True,,
fix/local-e2e-readiness-windows,1e0dee04eb3f51d8c215ad5852d90799846f90a6,PRESERVE_REVIEW,False,NOT_ANCESTOR_OF_MASTER,
fix/security-independent-linkage-validation-sql-env-405,1e5a13d0a60a5f1529f2d4e9da50c66e42479ac4,PRESERVE_REVIEW,False,AUDIT_RELEASE_SECURITY_NAME;NOT_ANCESTOR_OF_MASTER,
fix/linkage-v3-birth-rollout,1e7f1cd68a9a27a1ba6bace3e4d22beae2d8f887,PRESERVE_REVIEW,False,NOT_ANCESTOR_OF_MASTER,
automation/rc-v500-rc1,1f370759e1bf03fb0cf2909173871cd6e1664c7a,PRESERVE_REVIEW,False,EXPLICIT_PRESERVE;AUDIT_RELEASE_SECURITY_NAME;NOT_ANCESTOR_OF_MASTER,
test/e2e-b-dt17-baseline-20261001,1f647053c186834998b4526b9fb33b09df033c0a,PRESERVE_REVIEW,False,NOT_ANCESTOR_OF_MASTER,
docs/dp01-integracao-bootstrap-unico-20260929,20396aa5d2048405383f80dd5e6fc4d02f81d0ca,PRESERVE_REVIEW,False,NOT_ANCESTOR_OF_MASTER,
feat/dt15-paired-synthetic-fs-replay-20260927,209387bda3352cbc5f22ebc6f9216cf366e70031,PRESERVE_REVIEW,False,NOT_ANCESTOR_OF_MASTER,
fix/blocking-pass-fanout-gates,20bb34ad0185a60c428a4aba7ef0680c898eb298,PRESERVE_REVIEW,False,NOT_ANCESTOR_OF_MASTER,
fix/linkage-v5-v6-promotion-contract,21e76bdca3856d793e670142a73fd48ee33a0c45,PRESERVE_REVIEW,False,NOT_ANCESTOR_OF_MASTER,
fix/local-scale-validation-coexistence,21eedbfce18bf64424bf6a4c75116d179ea9e540,PRESERVE_REVIEW,False,NOT_ANCESTOR_OF_MASTER,
fix/local-blocking-projection-smoke,21f15877a76728a2025d14fb67787d7238755045,PRESERVE_REVIEW,False,NOT_ANCESTOR_OF_MASTER,
feat/linkage-multiseed-diagnostic,2200555bc91351d04c1698c60e335d93ca69d16a,PRESERVE_REVIEW,False,NOT_ANCESTOR_OF_MASTER,
docs/rebaseline-fabric-operacional-v5,2294d0d44ff81d69f7b527ebc5a4bc179df73171,CANDIDATE_DELETE,True,,
feat/linkage-progressive-publication,229d494f2e0d9652c1d240656495d365ee00d576,PRESERVE_REVIEW,False,NOT_ANCESTOR_OF_MASTER,
work/progressive-identity-serving-view,22a51cdb07ce126deec6d6234feb9bc0a3e314b4,CANDIDATE_DELETE,True,,
fix/ci-canonical-scale-corpus,232c03d59b347c6149306c2eb931b070e3b9b1c2,PRESERVE_REVIEW,False,NOT_ANCESTOR_OF_MASTER,
feat/cluster-test-production-config,232f043f80e3b7d1cd79599560e3ddc6a4e3686c,PRESERVE_REVIEW,False,AUDIT_RELEASE_SECURITY_NAME;NOT_ANCESTOR_OF_MASTER,
feat/linkage-model-bundle-fingerprint-20260930,2434d47fa5d2a18f4ce58653a5d8d87bccfcff5e,CANDIDATE_DELETE,True,,
fix/405-deterministic-cpf-test-fixtures,243cf1e2da8ddfdfbfa4bc31f75fd7fdb15598b1,PRESERVE_REVIEW,False,NOT_ANCESTOR_OF_MASTER,
feat/calibrador-semantic-person-attributes,2461e140beb4182978a65715fe0a728dcb4af493,CANDIDATE_DELETE,True,,
work/identity-progressive-persistence-v2,249f904935742b46f770a7493372dfa455b51dfc,CANDIDATE_DELETE,True,,
fix/v8-remover-guard-demografico-20260929,24a13abb510d2ef3dce416e71a5d10acdfd70960,PRESERVE_REVIEW,False,NOT_ANCESTOR_OF_MASTER,
feat/416-synthetic-oracle-model-validation,253223c4d91249a9237eb737533e0d78e2ef1ef0,CANDIDATE_DELETE,True,,
fix/local-scale-observation-message-v2,254c6e6921735eca1fecf8a5427150edf74b9f7c,PRESERVE_REVIEW,False,NOT_ANCESTOR_OF_MASTER,
docs/territorializacao-residual-rebased,2569ab54f293c70e0a671ffdd9eed317dd07e54c,PRESERVE_REVIEW,False,NOT_ANCESTOR_OF_MASTER,
fix/bi-measure-column-collisions,26e8afa3b7aac0d3584acaf25e22a8255e80e829,PRESERVE_REVIEW,False,NOT_ANCESTOR_OF_MASTER,
fix/bronze-replay-current-projection-v2,2701a69499446b40d16b8c1aec965e0f0a42af07,PRESERVE_REVIEW,False,NOT_ANCESTOR_OF_MASTER,
work/identity-progressive-storage,2707f12474ebe580950e65f4406fe2c10571e54a,CANDIDATE_DELETE,True,,
work/cpf-global-consistency-conflict,28920a64d7ea63b738625170e5ad09aac93320ee,CANDIDATE_DELETE,True,,
feat/linkage-margin-frontier,28f0f3414d81a80cb2264703001a028d2aa629d9,CANDIDATE_DELETE,True,,
chore/405-sqlcmd-password-env-20260925,295c7aedb26fd7569d218ef88f2e6470c05b314c,PRESERVE_REVIEW,False,NOT_ANCESTOR_OF_MASTER,
fix/dt13-ensaio-and-operational-docs-cleanup-20260927,296ba7d04d70cfec08943e398a9eea0c9c792407,PRESERVE_REVIEW,False,NOT_ANCESTOR_OF_MASTER,
fix/linkage-single-birth-evidence-v2,299cb6576365e087b7a395f4abaaf873c600a3e5,PRESERVE_REVIEW,False,AUDIT_RELEASE_SECURITY_NAME;NOT_ANCESTOR_OF_MASTER,
feat/ibge-splink-divergence-export-20260927,29a15a4ed622f445054523dfaf19d2498159a556,PRESERVE_REVIEW,False,NOT_ANCESTOR_OF_MASTER,
docs/ibge-no-fallback-20260928,29c513dedbf29bb75c647a5cfbd05ae911085a53,PRESERVE_REVIEW,False,NOT_ANCESTOR_OF_MASTER,
fix/linkage-blocking-objective-v2,2a6bbdd82497611b5f02357e9885049b84bc46b7,PRESERVE_REVIEW,False,NOT_ANCESTOR_OF_MASTER,
work/linkage-blocking-combination-diagnostic,2a6fe16d2e94ef2d193c2e4af45a10a4d5f5c3fe,CANDIDATE_DELETE,True,,
work/cpf-anchor-resolution-api,2b248d42b0c52450daca47fef303459b7b90533c,CANDIDATE_DELETE,True,,
feat/linkage-calibration-audit-export-20260920,2bf75f54ecd9987591b10863df6254d886085682,PRESERVE_REVIEW,True,AUDIT_RELEASE_SECURITY_NAME,
fix/security-ddl-synthetic-sqlcmd-405,2ce253552cd2fc2c985f59ce03f15de384f155ed,PRESERVE_REVIEW,False,AUDIT_RELEASE_SECURITY_NAME;NOT_ANCESTOR_OF_MASTER,
test/dt06-upgrade-acceptance-20260930,2dd4b353ca7ca6946941aec33368c3aca9f5dfbf,PRESERVE_REVIEW,False,NOT_ANCESTOR_OF_MASTER,
fix/consolidacao-schema-requisitos-v406,2debbba45b53e4a9293c6115d5bf7e76ee194cd0,PRESERVE_REVIEW,False,NOT_ANCESTOR_OF_MASTER,
fix/539-busca-semicega-optin-dev,2e622ae7dc984c1c959640f3842e94f1a2e7506b,CANDIDATE_DELETE,True,,
fix/security-readiness-fail-closed,2e8ba68d870f0f3983a39c6d8ba89a124c013221,PRESERVE_REVIEW,False,AUDIT_RELEASE_SECURITY_NAME;NOT_ANCESTOR_OF_MASTER,
fix/linkage-freeze-runtime-ruleset,2f69c8ba7253da77cb3983c9c06934f9679097c5,CANDIDATE_DELETE,True,,
fix/local-one-shot-connection,2f6b6ceb8595b3111b3812351b1286cc9e630eac,PRESERVE_REVIEW,False,NOT_ANCESTOR_OF_MASTER,
feat/linkage-conflict-review-queue,2f9795b4e96ef54ffb237aa2794f547264f880a0,PRESERVE_REVIEW,False,NOT_ANCESTOR_OF_MASTER,
test/dt05-semantic-three-waves,2ff4ebb9ed12eb52f5d8186306547117dc82f45c,CANDIDATE_DELETE,True,,
docs/fase1-limites-produto,30186dcf0314a3035e47718b991781bf5765d1ca,PRESERVE_REVIEW,False,NOT_ANCESTOR_OF_MASTER,
fix/security-ibge-sqlcmd-argv-405,3025c110ff86d4ebe4692fd7c981c59591386b5f,PRESERVE_REVIEW,False,AUDIT_RELEASE_SECURITY_NAME;NOT_ANCESTOR_OF_MASTER,
scripts/dt11-unified-safe-runner,30753a7764a2493bf738baf3d5145806187141d5,PRESERVE_REVIEW,False,NOT_ANCESTOR_OF_MASTER,
fix/linkage-validation-ordered-dictionary-sum,30d69f35f479f6f71485fb876c358bb0e753c5e0,CANDIDATE_DELETE,True,,
fix/rc-restore-drill-seed-objects,3140f5e3a0c1671a936c2db3870f89a81145e526,PRESERVE_REVIEW,True,AUDIT_RELEASE_SECURITY_NAME,
docs/access-purpose-decision-gate,33c00db8570a3bc730cb982e2c42d809ceaef20a,PRESERVE_REVIEW,False,NOT_ANCESTOR_OF_MASTER,
docs/candidate-reference-baseline-20260920,34420e22439f833b67936dc0e0dabfc7c7dcff81,CANDIDATE_DELETE,True,,
fix/linkage-pass-fanout-scale-evidence,3456abf414463ff692cf66802f4fc9476ad2eab6,PRESERVE_REVIEW,False,AUDIT_RELEASE_SECURITY_NAME;NOT_ANCESTOR_OF_MASTER,
dependabot/nuget/Solution/tests/Jornada.Tests/NUnit3TestAdapter-6.3.0,349a859ecbe49f87ad0ff2b13158e0e44f278f3f,PRESERVE_REVIEW,False,OPEN_PR_675;NOT_ANCESTOR_OF_MASTER,
docs/dividas-tecnicas-2026-09-26,35df23f8fbe206fdac7b06ed80828d93694d83f0,PRESERVE_REVIEW,False,NOT_ANCESTOR_OF_MASTER,
feat/person-origin-base,3659275827a528da21e48250e4b6f746b84055ba,PRESERVE_REVIEW,False,NOT_ANCESTOR_OF_MASTER,
fix/scale-ibge-weighted-names-v2,3684ba0b26c449cbe5b68b432d2f8686b8b87d51,PRESERVE_REVIEW,False,NOT_ANCESTOR_OF_MASTER,
feat/e1-ibge-projection-2026,36f8a47b657168fd554fa623c3703a48d627d766,PRESERVE_REVIEW,False,NOT_ANCESTOR_OF_MASTER,
arch/sqlserver-only-runtime,3716c7a4e40a789108d52ed72612c1a43cea5d30,PRESERVE_REVIEW,False,NOT_ANCESTOR_OF_MASTER,
feat/linkage-promotion-conference-gate-20260920,373e272d79d568ce634181e7b651bdd32fd66416,PRESERVE_REVIEW,False,NOT_ANCESTOR_OF_MASTER,
work/identity-reference-terminology,37df24b3b405d7acf9725a9c80513f078d220e93,CANDIDATE_DELETE,True,,
feat/synthetic-corpus-weighted-sampling-416,3803fbec86fc0b9d806ac1090a009745b1777462,CANDIDATE_DELETE,True,,
docs/calibrador-plano-blocking-analise,3808635ee3321b8f189485bb45538d4ac7ccf5f1,PRESERVE_REVIEW,False,NOT_ANCESTOR_OF_MASTER,
test/conservative-linkage-counter-20260927,387f4428ec9ba6b4f6c64fb48c1e8fe2c5777a4a,CANDIDATE_DELETE,True,,
fix/security-scale-sqlcmd-env-405,395c1902f373abe2dedb0a508b9719996d7a754a,PRESERVE_REVIEW,False,AUDIT_RELEASE_SECURITY_NAME;NOT_ANCESTOR_OF_MASTER,
feat/linkage-neutral-missing-v8,39694f3624bebce1afd5ef18c14f32af0006e962,CANDIDATE_DELETE,True,,
work/processor-provider-abstraction,39f994829e5e7f23e52ac7881036ff46ac2b1194,CANDIDATE_DELETE,True,,
diag/linkage-candidate-pair-prior,3a4b742347aa656b289a15908541572ca54c1eef,PRESERVE_REVIEW,False,NOT_ANCESTOR_OF_MASTER,
calibrador-typed-ground-truth-lineage,3adeb6fcc97b5ead2377d44caa43b2f8943a88c6,PRESERVE_REVIEW,False,NOT_ANCESTOR_OF_MASTER,
feat/linkage-additional-evidence-calibration-20260930,3ae4b505cad684d484249d0442d093db360a5d3b,PRESERVE_REVIEW,True,AUDIT_RELEASE_SECURITY_NAME,
docs/dt12-branch-release-inventory-approval,3b8abddf712d3d62d3692173e68c4aafbb5592ab,PRESERVE_REVIEW,False,AUDIT_RELEASE_SECURITY_NAME;NOT_ANCESTOR_OF_MASTER,
fix/linkage-isotonic-observability,3bbec662f134f5df1747564b52704500d091ea48,PRESERVE_REVIEW,False,NOT_ANCESTOR_OF_MASTER,
test/dt01-handcrafted-boundary-conference-20260926,3c1ae6dbfb120b0771b83ed36ba17f81bb52ddb5,CANDIDATE_DELETE,True,,
docs/pre-hml-sqlserver-single-runtime-cleanup,3d4df81d1a19834dec4ee6055378adcc7d1fabc5,PRESERVE_REVIEW,False,AUDIT_RELEASE_SECURITY_NAME;NOT_ANCESTOR_OF_MASTER,
fix/gitleaks-scan-history-after-tree-findings,3d892ff531d6b4464e7fbf6f5bf8e5f6d0e02e4d,PRESERVE_REVIEW,False,NOT_ANCESTOR_OF_MASTER,
docs/sql-server-producao,3e425aad0afec604f750d9c402435d8c282c7748,PRESERVE_REVIEW,False,NOT_ANCESTOR_OF_MASTER,
fix/rc-evidence-dispatch-preflight-20260920,3ee5f4547545b73ee537dda01fda9ada67168c7f,PRESERVE_REVIEW,False,AUDIT_RELEASE_SECURITY_NAME;NOT_ANCESTOR_OF_MASTER,
feat/dt16-five-solutions-gate-20260928,3f632dcfbbe06ea3cd6f8575bce12ad8aa829d6f,CANDIDATE_DELETE,True,,
fix/linkage-u-support-reachability,3fe7b94c9741f1abed984432c0a4e8c086b0f6ba,PRESERVE_REVIEW,False,NOT_ANCESTOR_OF_MASTER,
chore/spec364-recovery,3ff9dfbee13b0951eaa751211170a583e2b9a57a,PRESERVE_REVIEW,False,NOT_ANCESTOR_OF_MASTER,
test/e2e-a-dt17-baseline-20261001,406732a4351313d0e411a010f370073e8a4ce3c4,PRESERVE_REVIEW,False,NOT_ANCESTOR_OF_MASTER,
fix/security-compose-require-sql-password,41c34391cc02d3fa7a8fcca9ded3ed8edcf868fe,PRESERVE_REVIEW,False,AUDIT_RELEASE_SECURITY_NAME;NOT_ANCESTOR_OF_MASTER,
feat/synthetic-calibration-dev-harness-416,41eefdb330cdd4573b0af2fed30e05aeec850cd4,CANDIDATE_DELETE,True,,
fix/local-test-runtime-smoke-370,4211930d5921091600616bbcefd0d6ff097c2f26,PRESERVE_REVIEW,False,NOT_ANCESTOR_OF_MASTER,
work/postgresql-linkage-two-stage-sampling,425d4fe1c4444cea002ec1102b265a8306570445,PRESERVE_REVIEW,False,NOT_ANCESTOR_OF_MASTER,
test/e2-corpus-30000-gate-20260930,42a6ee74e4272dcc59bd43a9470c88ba2c5079d6,PRESERVE_REVIEW,False,NOT_ANCESTOR_OF_MASTER,
dependabot/nuget/Solution/tests/Jornada.Integration.Tests/NUnit3TestAdapter-6.3.0,42b1b6ae695b23afa5a00406f145d1dd4448ad1c,PRESERVE_REVIEW,False,OPEN_PR_672;NOT_ANCESTOR_OF_MASTER,
fix/linkage-llr-monotonicity-gate,42f4c3fb7ed775333c7f3d4d34ba07be2d7cd73e,PRESERVE_REVIEW,False,NOT_ANCESTOR_OF_MASTER,
test/dt17-unified-regression-gate,430d6912d78ef81bb329e8932884cc212647b4c6,CANDIDATE_DELETE,True,,
feat/issue-270-origin-base-identifiers,431d44e4edb4f8b56a6d08c55d34ac0294dc58f8,PRESERVE_REVIEW,False,NOT_ANCESTOR_OF_MASTER,
work/integrador-identificador-config,43d5ee9f46300398586c0c340a852f1b3b396ee3,CANDIDATE_DELETE,True,,
feat/dt15-bundle-proveniencia-readonly-20260929,44691973e98d7f1f51c6e8eaab1ce3c90f9df86a,PRESERVE_REVIEW,False,NOT_ANCESTOR_OF_MASTER,
fix/scale-evidence-quality-corpus,4483b086091c34dc75d9dad109f8de71f84a0160,PRESERVE_REVIEW,False,AUDIT_RELEASE_SECURITY_NAME;NOT_ANCESTOR_OF_MASTER,
docs/dp01-paralelismo-superficies-20260929,45a3eb154a078889449db44ed7fbd31214c7dc44,PRESERVE_REVIEW,False,NOT_ANCESTOR_OF_MASTER,
work/cpf-anchor-governed-correction,45a8d40800e35d04c475eda45ced7f68025d5bca,CANDIDATE_DELETE,True,,
dependabot/nuget/Solution/src/Jornada.Api/nuget-minor-patch-eb371a94de,45f5fbee8fcd8193e8108c565f8afade32a455ea,PRESERVE_REVIEW,False,OPEN_PR_659;NOT_ANCESTOR_OF_MASTER,
feat/dt03-openapi-typed-contracts-20260926,4616252aa930a02228ccdfdbf9cedc5e9f16beb0,CANDIDATE_DELETE,True,,
work/postgresql-adapter,4662b2622ba3708e8c9eae70b9934c229468fccf,CANDIDATE_DELETE,True,,
feat/blocking-pass-audit-parallel-sql-20260927,46a4036c45e8e695ad15e9860bc76765c6f0774e,PRESERVE_REVIEW,False,AUDIT_RELEASE_SECURITY_NAME;NOT_ANCESTOR_OF_MASTER,
docs/dt05-freeze-signature-v1,47416f512acd35ada65b330c27aca920618f9ce9,PRESERVE_REVIEW,False,NOT_ANCESTOR_OF_MASTER,
fix/416-independent-processor-lease-heartbeat,47c62fec6c9fe12635f9c62e4f7006d839e82bad,CANDIDATE_DELETE,True,,
fix/security-backup-sqlcmd-env-405,4832fddcf68c1b56930fde1f2b77f61885345e8f,PRESERVE_REVIEW,False,AUDIT_RELEASE_SECURITY_NAME;NOT_ANCESTOR_OF_MASTER,
docs/adr-nomes-pos-materializacao,489bc11c1d5e364248fe7e21c6f940e5710ef85a,PRESERVE_REVIEW,False,NOT_ANCESTOR_OF_MASTER,
chore/linkage-retire-df-conditioned-u,48f04de60e08735190dd05cbaf17c0b68377623d,PRESERVE_REVIEW,False,NOT_ANCESTOR_OF_MASTER,
fix/local-test-all-clean-master,490956a6470b498669dbac3478235c21d88a703f,PRESERVE_REVIEW,False,NOT_ANCESTOR_OF_MASTER,
fix/independent-evaluation-recorded-runtime-v6-20260923,494598622036893bf163ffc23da99cba9a61e7df,PRESERVE_REVIEW,False,NOT_ANCESTOR_OF_MASTER,
feat/remove-semantic-fallbacks,495a16af51b3342de50ca97d5f4b554556bdd27a,PRESERVE_REVIEW,False,NOT_ANCESTOR_OF_MASTER,
fix/windows-local-test-suite,49cd168e16da8ca78a5aa2c40aa2baa7cf7a02b1,PRESERVE_REVIEW,False,NOT_ANCESTOR_OF_MASTER,
feat/synthetic-corpus-foundation-416,49fd620b57adcb275229d736c74260be43c9f9c2,CANDIDATE_DELETE,True,,
feat/linkage-independent-conference-20260920,4a657732f22fa6096de2cbf0c7e096b8893ec3f4,CANDIDATE_DELETE,True,,
fix/local-calibration-progress-prehml,4aa9b127f933972fc3b1fcf195cc962bdd3f8c4f,PRESERVE_REVIEW,False,NOT_ANCESTOR_OF_MASTER,
fix/technical-debt-safe-synthetic-and-linkage-metrics-20260923,4aaa358a43a196ae893e3b0f3d3d7e8a5e7b5a87,PRESERVE_REVIEW,False,NOT_ANCESTOR_OF_MASTER,
docs/e2e-abc-dt17-sequencia-20260930,4af9fd70d06397382e1ca73693cd8c1953a06bf3,PRESERVE_REVIEW,False,NOT_ANCESTOR_OF_MASTER,
fix/405-sqlcmd-argv-recurrence-gate,4b542d64570f02ca6a3f0df895264fc646f63887,PRESERVE_REVIEW,False,NOT_ANCESTOR_OF_MASTER,
feat/external-splink-conformance-contract-20260926,4b5d600b5e0b19fe406567b27e86ecf862a141ee,CANDIDATE_DELETE,True,,
fix/ref-ibge-draft-readiness-20260927,4b6a08eb723ca8509a882bff555f7200c02174c8,PRESERVE_REVIEW,False,NOT_ANCESTOR_OF_MASTER,
fix/bi-footer-font-size,4be227e2421168515df22853c7f8f40c9e0d1adb,PRESERVE_REVIEW,False,NOT_ANCESTOR_OF_MASTER,
work/identity-operational-cutover,4cd52bab3ca7db95cc7fc0fa3f55d79cf994a1ad,CANDIDATE_DELETE,True,,
work/integrador-identificador-config2,4ce3dff2f42f7cf8ef85cea3b97f7e35fe93a123,CANDIDATE_DELETE,True,,
work/integrador-identificador-config3,4ce3dff2f42f7cf8ef85cea3b97f7e35fe93a123,CANDIDATE_DELETE,True,,
fix/security-schema-ci-env-405,4d05c9621bef295cbfd3a92335de4173e0723c2b,PRESERVE_REVIEW,False,AUDIT_RELEASE_SECURITY_NAME;NOT_ANCESTOR_OF_MASTER,
fix/identity-confirmation-rc-hardening-20260921,4d37666f049f3b829a4044414545ab2197d3a5f3,PRESERVE_REVIEW,True,AUDIT_RELEASE_SECURITY_NAME,
work/identity-progressive-bi,4d85f53e73b6aebea8f7c2894e6cd9a92c97b389,CANDIDATE_DELETE,True,,
docs/ibge-u-mother-national-person-sp-20260926,4d9ed05925d12f9e7b8ce8bcf31b73185f9dd9fc,CANDIDATE_DELETE,True,,
fix/linkage-v7-v8-margin-diagnostics-20260930,4dc3910753a89de5d05c78016d5dd8efe0c7422b,PRESERVE_REVIEW,False,NOT_ANCESTOR_OF_MASTER,
work/postgresql-persistence-review,4f2410cd99480a16c57293da71f458c57573ae45,CANDIDATE_DELETE,True,,
docs/align-v500-rc-gates,4f2cb39d912fd042d6239164b53b0325973761c6,PRESERVE_REVIEW,True,AUDIT_RELEASE_SECURITY_NAME,
feat/linkage-monitor-conference-governance-20260920,51a91a83d5bc93fd30ff4236756f663830d9f2f5,CANDIDATE_DELETE,True,,
feat/dc-syn-01-e1-birth-reference,51acaeb8e1b539717f8e0127b312a5e4810b889c,CANDIDATE_DELETE,True,,
fix/bi-global-measure-names,5366389eb5bb56abbe257c6b33bc7695e38bab18,PRESERVE_REVIEW,False,NOT_ANCESTOR_OF_MASTER,
feat/bi-qualidade-resolucao-estrato-cpf,53fa63a5c12a77b789a7903be9d878217d9d9333,PRESERVE_REVIEW,False,NOT_ANCESTOR_OF_MASTER,
docs/especificacao-candidata-141,545786bd44c92986ec6391eefb00dd009fd0d104,PRESERVE_REVIEW,False,NOT_ANCESTOR_OF_MASTER,
revert/dt16-single-solution-20260930,546a2a0ba8f535936c42fe70b4fe2fe914e56233,PRESERVE_REVIEW,False,NOT_ANCESTOR_OF_MASTER,
fix/blocking-pass-fanout-scale,553aa56fd99de97fd40ec56c8366d282963584fd,PRESERVE_REVIEW,False,NOT_ANCESTOR_OF_MASTER,
fix/security-e2e-cluster-sqlcmd-405,556c7d2a1973213d05072e78533c1e0b268227ea,PRESERVE_REVIEW,False,AUDIT_RELEASE_SECURITY_NAME;NOT_ANCESTOR_OF_MASTER,
calibrador-stratified-ground-truth-diagnostics,55c1a259b779737e8a1d76e6ea970735ebb814d5,CANDIDATE_DELETE,True,,
feat/nis-secondary-anchor-394,5654d0828a5c8367ebe605f8030e8b595ad8949b,CANDIDATE_DELETE,True,,
fix/unify-canonical-scale-corpus,5699aa99877daca768a07a624610607a28569c5a,CANDIDATE_DELETE,True,,
test/ibge-draft-behavioral-gate,57a2d8126fa78426daa1f0e11ea670463a913b47,PRESERVE_REVIEW,False,NOT_ANCESTOR_OF_MASTER,
chore/rc-cut-contract-hardening-20260920,58df5dc64bfbfc4c3bc56d01e06fa6f5b11b6255,PRESERVE_REVIEW,False,AUDIT_RELEASE_SECURITY_NAME;NOT_ANCESTOR_OF_MASTER,
feat/gate06-factual-preflight-20260927,5a4b14b9158c6e62990d6e16228b7e62545ee970,CANDIDATE_DELETE,True,,
docs/dp01-rf052-rotulo,5ab77d93110e12a33aa2eb1b0cffe23d5571266d,PRESERVE_REVIEW,False,NOT_ANCESTOR_OF_MASTER,
feat/linkage-clustered-evaluation-uncertainty,5af3f2dd8765b074ae1be5460aa225a375e524ba,CANDIDATE_DELETE,True,,
feat/dt01-independent-golden-vectors,5b2ca0b8c993311c04577cb927f62bf149f9761d,PRESERVE_REVIEW,False,NOT_ANCESTOR_OF_MASTER,
chore/dt12-archive-root-release-notes-20261001,5b75fcbc60fcf3e81d482804391e29cb79c6f404,PRESERVE_REVIEW,False,AUDIT_RELEASE_SECURITY_NAME;NOT_ANCESTOR_OF_MASTER,
feat/identity-structured-evidence-ledger-391,5c9170eb6d93460e764912f4cb795b42c4d58f4d,PRESERVE_REVIEW,False,AUDIT_RELEASE_SECURITY_NAME;NOT_ANCESTOR_OF_MASTER,
feat/preload-ibge-reference,5cc36ce012e778b4750acb956ad8954df0b0edd6,PRESERVE_REVIEW,False,NOT_ANCESTOR_OF_MASTER,
feat/ensaio-linkage-model-validation,5cf3d1ebd3f09635e5ed2958409f8d93335b6815,PRESERVE_REVIEW,False,NOT_ANCESTOR_OF_MASTER,
test/linkage-candidate-side-eligibility-wording,5d0077febcb5be202caa8cbe891638211f367f95,CANDIDATE_DELETE,True,,
feat/linkage-decision-quality-audit,5d03daebb320047e8139a78bb92eba0ed0236737,PRESERVE_REVIEW,False,AUDIT_RELEASE_SECURITY_NAME;NOT_ANCESTOR_OF_MASTER,
feat/dt10-progressive-batch-publication-20260926,5d24e15983e505484ab9bebfbed69c2cc470e085,CANDIDATE_DELETE,True,,
feat/linkage-abbreviation-compatibility-audit,5e01d597f55e3b51cca204d0f3decba1cf4fe317,PRESERVE_REVIEW,False,AUDIT_RELEASE_SECURITY_NAME;NOT_ANCESTOR_OF_MASTER,
work/processor-provider-boundary,5eb58971ee04f51b493298c575c439dc1cf31835,CANDIDATE_DELETE,True,,
codex/dt-13-remove-modo-carga-inicial-20260927,5edb95e032a932250715b7ac7639172e49a545b3,PRESERVE_REVIEW,False,NOT_ANCESTOR_OF_MASTER,
fix/security-local-db-sqlcmd-env-405,5f55c03e9a1a96dbb93f6214ee10008a3a258096,PRESERVE_REVIEW,False,AUDIT_RELEASE_SECURITY_NAME;NOT_ANCESTOR_OF_MASTER,
work/linkage-ibge-snapshot-reader,5fa939b216ed95300e8c95e1cf399968c08a0dc3,CANDIDATE_DELETE,True,,
docs/ibge-snapshot-soft-check-20260928,5fb09096c012f5e216628839dd0ba7592dc77515,PRESERVE_REVIEW,False,NOT_ANCESTOR_OF_MASTER,
master,612495a0ac29f898ad62d290b0c22bc091e339b2,PRESERVE_REVIEW,True,MASTER,
feat/reference-serving-territorial-states-20260920,613ada23eede45fb003e71956c2b276e4e34c4cc,CANDIDATE_DELETE,True,,
fix/rc-evidence-preflight-hardening-20260920,613ada23eede45fb003e71956c2b276e4e34c4cc,PRESERVE_REVIEW,True,AUDIT_RELEASE_SECURITY_NAME,
work/linkage-independent-evaluation-contract,616b3bed100090050b51bd9a017eb757a6d4a741,CANDIDATE_DELETE,True,,
fix/local-powerbi-serving-bootstrap,617924feceadbc11fc06043da888c1d2e7997d38,PRESERVE_REVIEW,False,NOT_ANCESTOR_OF_MASTER,
fix/linkage-publication-integrity,61973c3f7f49c5d03506479c5269f16f36cd477a,CANDIDATE_DELETE,True,,
feat/416-wave-shadow-runner,62d8e2c7b08c644a56eee0ae8daa6aac90701488,PRESERVE_REVIEW,False,NOT_ANCESTOR_OF_MASTER,
feat/local-linkage-diagnose,62f8d23ad945ce599a56dbb366a80f2c3b9d50fa,PRESERVE_REVIEW,False,NOT_ANCESTOR_OF_MASTER,
fix/405-cluster-sqlcmd-env-20260925,62fb308799ec24ab220665b3bad1b261d46e5306,PRESERVE_REVIEW,False,NOT_ANCESTOR_OF_MASTER,
fix/linkage-v6-promotion-invariants,630e67f48ab9d63472cd534a773db5d40fadce6e,PRESERVE_REVIEW,False,NOT_ANCESTOR_OF_MASTER,
feat/v8-tf-guard-budget-v2-20260930,6373d4eff71b935c9b06302246b833b842389141,PRESERVE_REVIEW,False,NOT_ANCESTOR_OF_MASTER,
calibrador-auto-feature-lineage,63c11712e22c419ff32df7099cd79423143328f9,CANDIDATE_DELETE,True,,
test/linkage-independent-validation-corpus,63ec1f117742b8f8416bcb883200e56561b389e6,PRESERVE_REVIEW,False,NOT_ANCESTOR_OF_MASTER,
fix/linkage-v8-tf-exact-only-20260930,64f97bfa307944455084a6cf1e7634104d8ba364,CANDIDATE_DELETE,True,,
db/dt06-fresh-baseline-ledger,6580de1a02acb24be0c2a6e9fb2f99bea5355292,PRESERVE_REVIEW,False,NOT_ANCESTOR_OF_MASTER,
docs/dt-status-revalidation-20260928,65db3e0bb49607273c487eebf1f04bfbc24dd816,CANDIDATE_DELETE,True,,
fix/ref-ibge-derivative-lock-20260927,65db3e0bb49607273c487eebf1f04bfbc24dd816,CANDIDATE_DELETE,True,,
fix/ref-ibge-ensure-lock-20260928,65db3e0bb49607273c487eebf1f04bfbc24dd816,CANDIDATE_DELETE,True,,
fix/ref-ibge-ensure-lock-20260928b,65db3e0bb49607273c487eebf1f04bfbc24dd816,CANDIDATE_DELETE,True,,
fix/ref-ibge-montecarlo-lock-20260928,65db3e0bb49607273c487eebf1f04bfbc24dd816,CANDIDATE_DELETE,True,,
fix/ref-ibge-sha-shape-20260927,65db3e0bb49607273c487eebf1f04bfbc24dd816,CANDIDATE_DELETE,True,,
fix/evidence-gates-determinism,66a28c325576a1e1226ee7b92fafb7e85dcae50b,PRESERVE_REVIEW,False,AUDIT_RELEASE_SECURITY_NAME;NOT_ANCESTOR_OF_MASTER,
feat/linkage-additional-evidence-readiness,66da962b3371498e8b8bdff4a66c9ae270d0fde8,PRESERVE_REVIEW,True,AUDIT_RELEASE_SECURITY_NAME,
fix/independent-survey-recorded-runtime-461,670129b5fb7daa643afd8b9e2e9b3b7e90273987,PRESERVE_REVIEW,False,NOT_ANCESTOR_OF_MASTER,
feat/linkage-conservative-transitivity-gate,6739262631e9708602cfd3f9c4be26a4a062cad3,PRESERVE_REVIEW,False,NOT_ANCESTOR_OF_MASTER,
feat/424-linkage-weekly-growth-telemetry,6803329b5fe3346b9d4da7f9f904219108dce9c5,PRESERVE_REVIEW,False,NOT_ANCESTOR_OF_MASTER,
feat/linkage-reference-agreement-diagnostic,681a72db864ff6e31d8a8f13ef7633f830d874d6,CANDIDATE_DELETE,True,,
docs/normative-hierarchy-v364-v362,68895707a259c6a37b2ca52479136941d1b9e2ee,PRESERVE_REVIEW,False,NOT_ANCESTOR_OF_MASTER,
fix/linkage-v5-v6-provenance,69766265394aa7b6d3ca2ad6c6e9553520102743,PRESERVE_REVIEW,False,NOT_ANCESTOR_OF_MASTER,
test/ibge-bootstrap-unico-contrato-documental-20260929,6993f8593ff9241413e73238dc99f7b7fa6ba726,PRESERVE_REVIEW,False,NOT_ANCESTOR_OF_MASTER,
docs/territorializacao-residual,6a693a97877cce672183b59af27c21219baad6d2,PRESERVE_REVIEW,False,NOT_ANCESTOR_OF_MASTER,
feat/dt17-transversal-regression-20260929,6c756f1cea47f167dc9db6bd71b742699fffcb8f,PRESERVE_REVIEW,False,NOT_ANCESTOR_OF_MASTER,
fix/local-clean-test-auto-stash,6ca5dba61f03dff9c81fa24e9cc700d789c580fe,PRESERVE_REVIEW,False,NOT_ANCESTOR_OF_MASTER,
docs/splink-v4-offline-smoke-20260927,6d1d98c4776d3f7c3acfa65f07b1d7fbe6984432,PRESERVE_REVIEW,False,NOT_ANCESTOR_OF_MASTER,
feat/gitleaks-ci-405,6e879185d6def7bda7b990b8afafa68800dab31e,CANDIDATE_DELETE,True,,
fix/local-test-all-shared-env,6e98ef3c37c609fb57442781c2746c99cad17eda,PRESERVE_REVIEW,False,NOT_ANCESTOR_OF_MASTER,
fix/linkage-diagnose-provenance-truth,6ec29e9beb3ef66e57001c21de4cba4248ed77a9,PRESERVE_REVIEW,False,NOT_ANCESTOR_OF_MASTER,
feat/bi-qualidade-resolucao,6ed95963343bd6a2076379f9ddc4eacd61d23624,PRESERVE_REVIEW,False,NOT_ANCESTOR_OF_MASTER,
fix/pbir-report-theme-collection,6fd2478fcd564c1ce30ddaa48853969fd1ca5245,PRESERVE_REVIEW,False,NOT_ANCESTOR_OF_MASTER,
fix/dt05-postmerge-ci,6fde7b10d3bb7565b609d2334352e5f57a49dd96,CANDIDATE_DELETE,True,,
feat/linkage-raw-comparator-conference-20260920,6fef5cd93ba98d58bd426cef36d84d9b712db984,PRESERVE_REVIEW,False,NOT_ANCESTOR_OF_MASTER,
fix/local-scale-sql-readiness,70ed7e79d95cc4ba09ec160aab8df1ae38661f2e,PRESERVE_REVIEW,False,NOT_ANCESTOR_OF_MASTER,
fix/416-synthetic-waves-manifest-casing,70f8b9231787c0659e582c0274ae733b262ccbf8,PRESERVE_REVIEW,False,NOT_ANCESTOR_OF_MASTER,
feat/linkage-ibge-typed-frequency,711dc68914ece3924dd470fdf2b94b021a245ac8,CANDIDATE_DELETE,True,,
dependabot/nuget/Solution/tests/Jornada.Integration.Tests/nuget-minor-patch-9e21be4277,71b13235a56aabe37fa5013c45c8c7715a04b14e,PRESERVE_REVIEW,False,OPEN_PR_676;NOT_ANCESTOR_OF_MASTER,
fix/windows-powershell-utf8-bom-2,71cad7d2215ccb645f2e0dfed1235860e734ca72,CANDIDATE_DELETE,True,,
feat/linkage-ledger-fs-frequency-calibration-20260930,7213cf0891ce10518f8cd449ed719f3e95024f8d,CANDIDATE_DELETE,True,,
fix/ibge-reference-legacy-diagnostic,72aea6f0e0a426396e867d21103642c98c08bf85,PRESERVE_REVIEW,False,NOT_ANCESTOR_OF_MASTER,
fix/semiblind-synthetic-activation,72cd71d55987518f000e45ff7e5331af745f7916,CANDIDATE_DELETE,True,,
fix/linkage-single-birth-evidence,733b2274a604e5a148e348013fb3311d3d10ea20,PRESERVE_REVIEW,False,AUDIT_RELEASE_SECURITY_NAME;NOT_ANCESTOR_OF_MASTER,
work/identity-history-serving,7348fb258a48cc0f33df3f9dc13a04351a09f8d9,CANDIDATE_DELETE,True,,
feat/synthetic-evaluate-m-416,73bb1ace37ffd4d3fb7669ce5e6a63dad0d64016,CANDIDATE_DELETE,True,,
test/dt17-ibge-no-fallback-contract-20260928,73cfea7c0cf6bbec2f0c2a384e0c78fd729fc751,PRESERVE_REVIEW,False,NOT_ANCESTOR_OF_MASTER,
feat/rn-ct-12-governed-fact-conflicts,743fb098fbb66a2799d440389e2a7c74fe4a11a1,PRESERVE_REVIEW,False,NOT_ANCESTOR_OF_MASTER,
work/identity-composition-governed-adapter,74f34cf0245c67cdb24eeeb291365f9043fae3a4,CANDIDATE_DELETE,True,,
test/dt05-publication-guards,75c9f6d06f79d6f0319cdce152efee31222ab5b8,PRESERVE_REVIEW,False,NOT_ANCESTOR_OF_MASTER,
feat/ibge-offline-csharp-u-reference-20260927,77d330cb76085c02f1f0b26b68c8e197bec68660,PRESERVE_REVIEW,False,NOT_ANCESTOR_OF_MASTER,
fix/gate06-manifest-preflight-20260927,77dc16e89a974d8176c1427f0a584aff96a927ea,PRESERVE_REVIEW,False,NOT_ANCESTOR_OF_MASTER,
chore/linkage-eligibility-test-wording,7803d9bf3382c5845bb711558c5504c648d3670a,CANDIDATE_DELETE,True,,
work/postgresql-linkage-independent-labels,78552845475ef8bff682d58faf6bccf7ffb6c72c,PRESERVE_REVIEW,False,NOT_ANCESTOR_OF_MASTER,
work/identity-publication-recomposition-plan,78e322416ac1ebd25947dd7a9f179d912c332b63,CANDIDATE_DELETE,True,,
feat/df-benchmark-validation-test,79282052b70b45c9b8864cd4ef5abc98a9d9816f,PRESERVE_REVIEW,False,NOT_ANCESTOR_OF_MASTER,
test/gate06-segregation-regression-20260927,79e1ccdc9bd011a534c8ff05fd63ee98812d5c90,PRESERVE_REVIEW,False,NOT_ANCESTOR_OF_MASTER,
fix/local-audit-container-discovery,7a4d6766c40f74acf64792ea7112942c698aa72f,PRESERVE_REVIEW,False,AUDIT_RELEASE_SECURITY_NAME;NOT_ANCESTOR_OF_MASTER,
fix/linkage-mother-name-missing-neutral,7af6a485669ed868e9d9708fffc5a526693df830,PRESERVE_REVIEW,False,NOT_ANCESTOR_OF_MASTER,
tmp-invalid,7b414e85139c0f4cc633b26823ca450ae25f8904,CANDIDATE_DELETE,True,,
fix/security-schema-ci-sqlcmd-env-405,7b93a7799efa033e067cb0da50260165079bd71b,PRESERVE_REVIEW,True,AUDIT_RELEASE_SECURITY_NAME,
work/identity-reversible-composition,7c3dd2cf461cf011137d9ef415cf4ee2d834db76,CANDIDATE_DELETE,True,,
refactor/local-tests-preserve-ibge,7d3b880d2ecdeca87921f575566a7b02bc940c35,CANDIDATE_DELETE,True,,
feat/ibge-nominal-u-reference-cache-20260926,7de7a75ba5c09a43db686d12f21827b4131c058b,CANDIDATE_DELETE,True,,
fix/windows-ddl-sha256-msys,7e00b5cd8b45e6145fd5bf8478eb1e278426405f,PRESERVE_REVIEW,False,NOT_ANCESTOR_OF_MASTER,
work/postgresql-linkage-calibration,7e5e47a28b64c3f29b874343786a95550ca2a2fc,CANDIDATE_DELETE,True,,
test/dt10-setbased-evidence-20260929,7e77647d94e2a89ec93f70b47417de2571112c3d,PRESERVE_REVIEW,True,AUDIT_RELEASE_SECURITY_NAME,
feat/splink-transition-matrix-rebased-20260927,7f7029d7b9eb90bd7d8baafffa8790a7c6233a27,PRESERVE_REVIEW,False,NOT_ANCESTOR_OF_MASTER,
calibrador-ground-truth-diagnostic-run,8020a421dd7ff60eb23b4cb592aec3008bb70147,CANDIDATE_DELETE,True,,
post-rc/integration-410-412,80318726e58aefe165f5d8fabe86b162b95763b3,PRESERVE_REVIEW,False,AUDIT_RELEASE_SECURITY_NAME;NOT_ANCESTOR_OF_MASTER,
fix/linkage-incremental-candidate-side-418,80d6c76c78f7d5066ef689ae68c55a65ff50ac62,CANDIDATE_DELETE,True,,
fix/linkage-mother-name-missing-neutral-v2,8106b33260779b0a0b78f33fc35fc1b4f454d509,PRESERVE_REVIEW,False,NOT_ANCESTOR_OF_MASTER,
docs/adr-frequencias-estado-pos-115,811a77585b8ea3dbc72e104864b1cde05b10a925,PRESERVE_REVIEW,False,NOT_ANCESTOR_OF_MASTER,
fix/linkage-v6-worker-config,813f1d6029202ed7f1a6878b2463d2054c086e65,PRESERVE_REVIEW,False,NOT_ANCESTOR_OF_MASTER,
docs/e2e-b-executado-dt12-proxima-20261001,818db2a55701133878ff126385f2d42d36e8400c,PRESERVE_REVIEW,False,NOT_ANCESTOR_OF_MASTER,
work/identity-atomic-publication,81ae6f5e90b45f0f48596c6b9a4ba4a0aac2ad96,CANDIDATE_DELETE,True,,
test/cluster-original-db-readonly-readiness,820ea265a95d0ea8fbf7b0c200b190bc8528ffbc,PRESERVE_REVIEW,False,NOT_ANCESTOR_OF_MASTER,
feat/calibrador-ibge-benchmark-factorial,821be0451f711b0f5a708c08c124478c12ff8a05,CANDIDATE_DELETE,True,,
docs/dt07-dt08-contract-evidence-20260928,824f59ac792465f1131a8f44911642ec0db5b2d0,PRESERVE_REVIEW,False,AUDIT_RELEASE_SECURITY_NAME;NOT_ANCESTOR_OF_MASTER,
fix/local-ddl-msys-sqlcmd-path,826bf938d7f28a15503c7f215d5f7401e661d1a0,PRESERVE_REVIEW,False,NOT_ANCESTOR_OF_MASTER,
dependabot/nuget/Solution/tests/Jornada.Integration.Tests/multi-759f162847,832efb61b1f77a296957b6d22f5c54b49e297339,PRESERVE_REVIEW,False,OPEN_PR_662;NOT_ANCESTOR_OF_MASTER,
docs/dt10-concluida-e2ea-proxima-20261001,83cdb2c7dc6d2520e5c43f6719b743e6268a69ed,PRESERVE_REVIEW,False,NOT_ANCESTOR_OF_MASTER,
docs/especificacao-calibracao-progressiva-20260929,83f407bb2557f2ea96a3318b5e6b398ed0f28079,CANDIDATE_DELETE,True,,
fix/405-evidence-triplet-secret-env,8441721854a23c725f52f61941a60d4d1342141e,PRESERVE_REVIEW,False,AUDIT_RELEASE_SECURITY_NAME;NOT_ANCESTOR_OF_MASTER,
fix/security-linkage-flow-evaluation-sql-env-405,8465a8c99f97f5489abb0bcc8ef07ba32945f0be,PRESERVE_REVIEW,False,AUDIT_RELEASE_SECURITY_NAME;NOT_ANCESTOR_OF_MASTER,
feat/gate06-solucao-apoio-secretarias,84e69eb6176d081c4ae909837a73d959a3c0dbad,CANDIDATE_DELETE,True,,
docs/603-corpus-independent-checks,84f9619c0b031fb459c8706b99d562641094e03b,PRESERVE_REVIEW,False,NOT_ANCESTOR_OF_MASTER,
fix/rf-572-reference-compatibility,853db16867724ceb1040f142202653f0f1432805,PRESERVE_REVIEW,False,NOT_ANCESTOR_OF_MASTER,
test/gate06-negative-http-audit,863606c9a04637544176108c72584076aecf9805,PRESERVE_REVIEW,True,AUDIT_RELEASE_SECURITY_NAME,
docs/e2e-a-dt17a-executada-20261001,86f86e2f959ea05c43a59f8fd7bbbeae7e61c202,PRESERVE_REVIEW,False,NOT_ANCESTOR_OF_MASTER,
feat/linkage-neutral-missing-v8-20260928,8864a1bf60f2b0bbd66253b9849f319bcaad0095,CANDIDATE_DELETE,True,,
feat/linkage-statistical-hml-gate,88b0662b8bbacb8fd7a812e266f0176c81e6c3c4,PRESERVE_REVIEW,True,AUDIT_RELEASE_SECURITY_NAME,
fix/transitivity-diagnostic-current,893c70391139155f02eede6601b94113d0426369,CANDIDATE_DELETE,True,,
docs/alinhamento-contratos-runtime-20260929,8a69658e2d22281d3f1132b4516574b7d0ad558f,PRESERVE_REVIEW,False,NOT_ANCESTOR_OF_MASTER,
dependabot/nuget/Solution/tests/Jornada.Integration.Tests/multi-8d58f154c8,8ab96c76ee74c092872c109adf25e751dc371a42,PRESERVE_REVIEW,False,OPEN_PR_661;NOT_ANCESTOR_OF_MASTER,
feat/calibrador-df-splink-tf,8ad43e45e5e782979ce058c2b2a0b2a5836145b0,PRESERVE_REVIEW,False,NOT_ANCESTOR_OF_MASTER,
feat/hml-scale-evidence,8bbed9135a6056a67c8286e9e9ea47f78639bfce,PRESERVE_REVIEW,True,AUDIT_RELEASE_SECURITY_NAME,
feat/operational-monitor,8c26dba1ec3ce99a84d9fc05c4db0427aca010bf,PRESERVE_REVIEW,False,NOT_ANCESTOR_OF_MASTER,
test/dt17-maria-operational-sql-20260928,8c71a9da67d51cef2dec1c137f324b56e82cf12b,PRESERVE_REVIEW,False,NOT_ANCESTOR_OF_MASTER,
docs/remover-regra-dt10-ultima-20260930,8caf5444f3c7f2bc73082579cd9e23e1ee007e4a,PRESERVE_REVIEW,False,NOT_ANCESTOR_OF_MASTER,
docs/ref-ibge-startup-idempotent-20260927,8dc86d7900266b4e6e638e5370a086de18ba581b,PRESERVE_REVIEW,False,NOT_ANCESTOR_OF_MASTER,
feat/434-synthetic-brazilian-name-errors,8dde4cb91a6eb95e047524ed3cc5aea0406f50b9,PRESERVE_REVIEW,False,NOT_ANCESTOR_OF_MASTER,
test/blocking-pass-evidence,8e179387498f3870d4491faf2fc4b35aa10b21cd,PRESERVE_REVIEW,False,AUDIT_RELEASE_SECURITY_NAME;NOT_ANCESTOR_OF_MASTER,
ci/avoid-duplicate-pr-full-runs-20260928,8e23352e59a30f2641d2ac24b5cee72e2c17f918,PRESERVE_REVIEW,False,NOT_ANCESTOR_OF_MASTER,
feat/v8-tf-guard-budget-20260929,8e492219fd914594fa31c6df1add42d645b32159,PRESERVE_REVIEW,False,NOT_ANCESTOR_OF_MASTER;ACTIVE_TEXT_REFERENCE,Solution/docs/DT17_Matriz_Regressao.md
docs/ci-acervo-convergencia-20260928,8e4bbb9757b2791a76ceae0ae78d8d9dc763180f,CANDIDATE_DELETE,True,,
feat/name-comparison-calibration-contract,8e69d9ffeb5aeaa187ccbd6843923a4d41af6654,PRESERVE_REVIEW,False,NOT_ANCESTOR_OF_MASTER,
fix/local-round-index-e2e-startup,8ffd8777405e70e53f297710de256ada50dd1022,PRESERVE_REVIEW,False,NOT_ANCESTOR_OF_MASTER,
fix/security-linkage-workflow-sql-env-405,912b98eecda693e28b7d0b62445631ad27c25619,PRESERVE_REVIEW,False,AUDIT_RELEASE_SECURITY_NAME;NOT_ANCESTOR_OF_MASTER,
refactor/local-test-preserve-ibge,91a63605a37820de0d756ae2a09b21ffca511e4c,PRESERVE_REVIEW,False,NOT_ANCESTOR_OF_MASTER,
refactor/purge-dead-postgresql-dialects,935d2cdddaaf0fdf19d1159f7b75c7161b37e127,PRESERVE_REVIEW,False,NOT_ANCESTOR_OF_MASTER,
fix/p23-sqlserver-dynamic-ruleset,93cf13f6b037bb42d6ab41a58ecb4480b76cba44,PRESERVE_REVIEW,False,NOT_ANCESTOR_OF_MASTER,
fix/scale-ibge-weighted-names,945b46cec2410052fd77ad11458ffb25f6f6d77f,PRESERVE_REVIEW,False,NOT_ANCESTOR_OF_MASTER,
calibrador-typed-ground-truth-lineage-v2,9556675e5396ca64e0d23e034711c7f374ee2f97,CANDIDATE_DELETE,True,,
fix/local-diagnose-active-model,95c31ad72d5756daa39e8be2298362295dde1106,PRESERVE_REVIEW,False,NOT_ANCESTOR_OF_MASTER,
test/dt05-e2e-runner-publication,96146fd378dd7041561985d41f8974c90509fe8f,PRESERVE_REVIEW,False,NOT_ANCESTOR_OF_MASTER,
feat/safe-ibge-reference-load,9681dd051cbf81f851f58b34d3fbfc885cefc510,PRESERVE_REVIEW,False,NOT_ANCESTOR_OF_MASTER,
docs/decisao-blocking-complementar-ibge-20260927,96b21cb93fa894a36ff6c58d7a5fdbe56b68974c,PRESERVE_REVIEW,False,NOT_ANCESTOR_OF_MASTER,
work/postgresql-materialization-core,9732a51a604829ebc29ee23114bdb5fcbd8604b8,PRESERVE_REVIEW,False,NOT_ANCESTOR_OF_MASTER,
docs/dt05-status-after-pr522,975bcc8e2ea1591dc1a629be38084191b5bffcbc,CANDIDATE_DELETE,True,,
feat/identity-v4-runtime-cutover,9927ad202368127f55b3e779655932624666bb3d,PRESERVE_REVIEW,False,NOT_ANCESTOR_OF_MASTER,
fix/windows-local-test-category-fingerprint,99c71c783df186850c74a0cdee3795e1940cc9e6,PRESERVE_REVIEW,False,NOT_ANCESTOR_OF_MASTER,
dc-syn-01-stratified-metrics,99f1f93b80d3733b85ea023aa883d6bc2a1846e5,PRESERVE_REVIEW,False,NOT_ANCESTOR_OF_MASTER,
work/identity-v1-closure-inventory,9a87a745d2ea06bc91a53ac72e5c2cd0d6f1ab15,CANDIDATE_DELETE,True,,
work/postgresql-linkage-model-scoring,9a94de0bd778e127a43e6ee78a130118b3e8eecf,PRESERVE_REVIEW,False,NOT_ANCESTOR_OF_MASTER,
docs/dt-evidence-reconciliation-20260928,9aa73fe561ef0825a515dedd7c49593a63c6d77f,PRESERVE_REVIEW,True,AUDIT_RELEASE_SECURITY_NAME,
fix/status-deadlock-1205,9b01c7af95f42c5373da9de326773c0619b5f0f5,CANDIDATE_DELETE,True,,
docs/external-splink-runner-merged-20260927,9b1a85a94474d22c9c08f994b674d28c882ab369,PRESERVE_REVIEW,False,NOT_ANCESTOR_OF_MASTER,
docs/modelo-fisico-frequencia-nomes,9b1ff743fc756551fb31c6aa4a387043ae6adc2f,PRESERVE_REVIEW,False,NOT_ANCESTOR_OF_MASTER,
feat/416-synthetic-progressive-waves,9b5b722e8e4942fac6f875a9587192b30158ecab,PRESERVE_REVIEW,False,NOT_ANCESTOR_OF_MASTER,
fix/scale-ranking-docker-cache,9b8ca52da2fe19a2767ef23d8ee017ea00ea3279,PRESERVE_REVIEW,False,NOT_ANCESTOR_OF_MASTER,
feat/typed-semiblind-candidate-search,9bf92471d8157adf3646e2eb4dba88b2ca37bb2a,PRESERVE_REVIEW,False,NOT_ANCESTOR_OF_MASTER,
docs/mark-pendencias-v147-historical,9c83949110efcb0155ee41a15456a526f2dc4368,CANDIDATE_DELETE,True,,
test/ibge-splink-53-regression-20260927,9d5100b2ae07fa803f371e48bcdef35fbcc06bea,PRESERVE_REVIEW,False,NOT_ANCESTOR_OF_MASTER,
fix/seed-territorial-semantics-144,9d58cbf17494ed9ad602db4676153e02e4b8d9b7,PRESERVE_REVIEW,False,NOT_ANCESTOR_OF_MASTER,
feat/local-docker-installer,9d6d4af0cb2c5fee6354e5456dc1ef941cec3d3d,PRESERVE_REVIEW,False,NOT_ANCESTOR_OF_MASTER,
test/trilha4-resolved-candidate-change-20260928,9e27b7d25327fdade9b61bb7bc31cd02f4ed26e8,CANDIDATE_DELETE,True,,
feat/dt15-calibration-history-restricted-20260928,9e3256b22d5739dae0bdb924019b4ba208b281a6,CANDIDATE_DELETE,True,,
fix/technical-rc-routing-evidence,9e4524dda3eb7332e01c060c18487796d8d755da,PRESERVE_REVIEW,True,AUDIT_RELEASE_SECURITY_NAME,
fix/linkage-scale-evidence-gates,9e765377742c72c5bef966099f9e2e8c85d67680,PRESERVE_REVIEW,False,AUDIT_RELEASE_SECURITY_NAME;NOT_ANCESTOR_OF_MASTER,
feat/linkage-policy-counterfactual,9f8486ef76caacfc226dd43208f9967353854d24,CANDIDATE_DELETE,True,,
work/cpf-anchor-v1-required-wording,9fc83992b4553055aea63a1fd7fe4e078abfd141,CANDIDATE_DELETE,True,,
fix/416-status-polling-long-processor-tx,9fcf737770d6efd2725d2dc324b427742d907502,PRESERVE_REVIEW,False,NOT_ANCESTOR_OF_MASTER,
work/identity-history-closure,a0295749fd54da953ff530a25a47a070286c29fa,CANDIDATE_DELETE,True,,
fix/security-release-sql-probe-env-405,a055bd071b47ff827666658cc04844b6886eef8b,PRESERVE_REVIEW,False,AUDIT_RELEASE_SECURITY_NAME;NOT_ANCESTOR_OF_MASTER,
feat/linkage-identifiability-boundary,a0e87766f1dfced140f76c7bc4e0508dde2bcdda,CANDIDATE_DELETE,True,,
test/scale-real-pass-fanout,a0f7de65cb1395a1474da19529e5a785c6edb251,PRESERVE_REVIEW,False,NOT_ANCESTOR_OF_MASTER,
fix/schema-installation-equivalence,a13027101b83d4f65f03e91c8fe7046429d727b0,CANDIDATE_DELETE,True,,
feat/linkage-reserved-challenge-calibration-20260930,a15165ac72a524c90e0c15f8b1718f8ca3861f0b,CANDIDATE_DELETE,True,,
feat/linkage-joint-birth-v4,a1b5c3ab76393d708e818f8ef4999638317c2044,PRESERVE_REVIEW,False,NOT_ANCESTOR_OF_MASTER,
docs/dt17-dt10-last-ci-unchanged-20260928,a2b3751a32842ab48550ea98aaa0c45e3922c608,PRESERVE_REVIEW,False,NOT_ANCESTOR_OF_MASTER,
feat/synthetic-evaluation-evidence-416,a2e6d0a8e94e8d321afaab2c69c6129675f6af22,PRESERVE_REVIEW,True,AUDIT_RELEASE_SECURITY_NAME,
feat/linkage-evidence-dependency-diagnostic,a2ec8d55003c84a8191bc019dea61c14e72b7142,PRESERVE_REVIEW,True,AUDIT_RELEASE_SECURITY_NAME,
fix/local-full-orchestration-isolation,a365e05c68c2642ddeec09d9f6956e5994c616fc,PRESERVE_REVIEW,False,NOT_ANCESTOR_OF_MASTER,
feat/ibge-public-marginals-exchange-20260927,a40233d2a55d527cac130a1815b5525287abe7b2,PRESERVE_REVIEW,False,NOT_ANCESTOR_OF_MASTER,
feat/ibge-initial-blocking-proposal-20260929,a40c0c21a1c20a5b715f9e57daf8b86acb3c0f6a,PRESERVE_REVIEW,False,NOT_ANCESTOR_OF_MASTER,
feat/linkage-independent-resolution-metrics,a46bb7565482b925575ac4d6a8a907266de782d3,CANDIDATE_DELETE,True,,
feat/synthetic-corpus-ingestion-bridge-416,a4749b95b7dba1066800246b892affd17827a6c0,CANDIDATE_DELETE,True,,
fix/dt-13-remove-modo-carga-inicial,a48ccd69214ca924d74b5a90f91c1cfaceb9e71d,CANDIDATE_DELETE,True,,
dt17/regression-matrix-20260928,a4a927b7ca532b302dabdc90f7660a77d3c8f40f,PRESERVE_REVIEW,False,NOT_ANCESTOR_OF_MASTER,
calibrador-diagnostic-to-calibration,a50ff425708936f1b6cafd3f7685990de57e0c6b,CANDIDATE_DELETE,True,,
feat/calibrador-splink-reference-v2,a5b45552641512781ad23fed3ce4ea411b34bbe2,PRESERVE_REVIEW,False,NOT_ANCESTOR_OF_MASTER,
fix/local-command-output-only,a601f23709b853e23fc216e75ff4eecaffa408bb,PRESERVE_REVIEW,False,NOT_ANCESTOR_OF_MASTER,
fix/416-frozen-fs-test-failure-evidence,a6159f7b359745c7f017013db368db88ca7e62aa,PRESERVE_REVIEW,False,AUDIT_RELEASE_SECURITY_NAME;NOT_ANCESTOR_OF_MASTER,
feat/linkage-model-governance-ledger-20260920,a63b535980b004ae3a2ba5c4ab5a7e0fc3b643e1,CANDIDATE_DELETE,True,,
feat/calibration-progressive-lineage-ref-20260930,a7414d6888401bc37a6e2cbfd39bcaa6f255d6e1,CANDIDATE_DELETE,True,,
feat/linkage-score-evidence-decomposition,a7b6acd9532c83df49b2b9948602a15424d7429d,PRESERVE_REVIEW,False,AUDIT_RELEASE_SECURITY_NAME;NOT_ANCESTOR_OF_MASTER,
fix/test-project-boundaries-20260920,a7d525a05d46d9e876c0d3f792c089fc83e02186,CANDIDATE_DELETE,True,,
fix/windows-prefer-git-bash,a80cd3fba95dc4d6e031a080a02c4a97d3d97483,PRESERVE_REVIEW,False,NOT_ANCESTOR_OF_MASTER,
feat/calibration-lifecycle-history-ibge-20260927,a8cea3dd2b6a92e37c2fb4057be79f049b629aa4,PRESERVE_REVIEW,False,NOT_ANCESTOR_OF_MASTER;ACTIVE_TEXT_REFERENCE,Solution/docs/DT15_Historico_Calibracao_Readonly.md
work/postgresql-linkage-v2-candidate-universe,a9b6a5db9c3b503e57a18f3d9df195f0fda539e6,CANDIDATE_DELETE,True,,
feat/ibge-blocking-bootstrap-proposal-20260930,aa1593eb5841c6458e83027da2ffc8b514e27003,CANDIDATE_DELETE,True,,
docs/consolidar-dts-concluidas-20260930,aad7f020473345e7d27390a584b6db9f97410015,PRESERVE_REVIEW,False,NOT_ANCESTOR_OF_MASTER,
feat/416-temporal-truth-evaluator,aaf6bf59250211fc6c5d9071faaeb3be1de0ce9d,PRESERVE_REVIEW,False,NOT_ANCESTOR_OF_MASTER,
dc-syn-01-exact-homonym-evaluation,ab2fb07179645cd7526af5fc99172f71446b9fc2,CANDIDATE_DELETE,True,,
refactor/ensaio-auditabilidade,ac230a7830a5b791193892d4aa4b9097a31c3e08,PRESERVE_REVIEW,False,NOT_ANCESTOR_OF_MASTER,
feat/424-persist-incremental-universe-metrics,ac441a2421c39565bace7026149bdb2a6d1d67f3,CANDIDATE_DELETE,True,,
fix/424-linkage-metrics-utc-boundaries,acf0837dd0007ccf8255c9c07ea7356a5eb55172,PRESERVE_REVIEW,False,NOT_ANCESTOR_OF_MASTER,
diag/linkage-order-restriction-report,acf5125e66e009915185241ed59452c6cda58e6b,PRESERVE_REVIEW,False,NOT_ANCESTOR_OF_MASTER,
feat/linkage-blocking-runtime-integration,ae258202eea26bc4f650133f81b3969a66cd1ca9,CANDIDATE_DELETE,True,,
fix/powerbi-root-schema-metadata,ae9842ca9c557a64b74f4d83792ec4ead6333cca,PRESERVE_REVIEW,False,NOT_ANCESTOR_OF_MASTER,
feat/dt15-safeguard-manual-model-promotion-20260927,af2e509aede964349818693a900abd3b5091296c,PRESERVE_REVIEW,False,NOT_ANCESTOR_OF_MASTER,
fix/dt12-bundle-restore-head-20261001,b00b47937c140b1f9fd8b5cfc26f5660d54864ca,PRESERVE_REVIEW,False,NOT_ANCESTOR_OF_MASTER,
docs/synthetic-evaluation-primary-20260929,b1170bfd9a8b0c052ba85458fb86a4920f7cdc37,PRESERVE_REVIEW,False,NOT_ANCESTOR_OF_MASTER,
feat/identity-decision-evidence-taxonomy-20260921,b12f6f32bb8f74aaa1d80e10ac1a195633f30395,PRESERVE_REVIEW,False,AUDIT_RELEASE_SECURITY_NAME;NOT_ANCESTOR_OF_MASTER,
fix/name-frequency-active-reference,b18246d66fb16286f8a5053c9790644ff109437c,PRESERVE_REVIEW,False,NOT_ANCESTOR_OF_MASTER,
feat/dt05-nas-parquet-snapshots,b2ab0b28f24496a634a4711ffeff78ce8ddad4e2,CANDIDATE_DELETE,True,,
fix/dt17-post-e2ea-contract-20261001,b35b5240769fc03272d02f1dc62b5ba17c4efb0e,PRESERVE_REVIEW,False,NOT_ANCESTOR_OF_MASTER,
fix/ref-ibge-active-integrity-20260927,b3b28b3398475b484b0f51c2b6d0494a0c9f2052,PRESERVE_REVIEW,False,NOT_ANCESTOR_OF_MASTER,
docs/adr-frequencias-nomes-ibge,b3b34f0a4dc3fce3ecfc147c8e1f101cf5d3dedc,PRESERVE_REVIEW,False,NOT_ANCESTOR_OF_MASTER,
test/ibge-generate-draft-process-e2e,b4f7432e07694bb68700788c8202375470f6f4e5,PRESERVE_REVIEW,False,NOT_ANCESTOR_OF_MASTER,
feat/bi-qualidade-resolucao-cortes,b5a436d29dc8db58555165acbbfc8b7a8577ecee,PRESERVE_REVIEW,False,NOT_ANCESTOR_OF_MASTER,
docs/decisoes-canonicas-20260929,b5d45360e50e3d6a3e46d196c7c26ef916651411,CANDIDATE_DELETE,True,,
feat/bi-pagina-qualidade-resolucao,b62958270251f47083dbb702fccbce93a87f68bc,PRESERVE_REVIEW,False,NOT_ANCESTOR_OF_MASTER,
dt17/maria-trio-dc-union-20260928,b62d7714d10d52c6c422f0ef9d9b72860855368c,PRESERVE_REVIEW,False,NOT_ANCESTOR_OF_MASTER,
fix/tf-splink-semantics-v8-diagnostics,b658056094d7f56168baac86369d5c403944705c,PRESERVE_REVIEW,False,NOT_ANCESTOR_OF_MASTER,
chore/technical-rc-versioning,b6c9f2f10bd599f96f95bc4fb3b7a6f01a459c90,PRESERVE_REVIEW,True,AUDIT_RELEASE_SECURITY_NAME,
test/territorializacao-semantica-residencia,b711f854fd297a53b10c86019fdbe64e5267d69d,PRESERVE_REVIEW,False,NOT_ANCESTOR_OF_MASTER,
fix/canonical-linkage-diagnostics,b73bff1ba085d181ce2dcc4ed9a3a6f8674c7db7,PRESERVE_REVIEW,False,NOT_ANCESTOR_OF_MASTER,
dependabot/github_actions/github-actions-minor-patch-4b2c77c676,b931527a8272f3d55df47ae207317095b45f7f48,PRESERVE_REVIEW,False,OPEN_PR_657;NOT_ANCESTOR_OF_MASTER,
fix/e2-materialize-demographic-ref-20260930,b950fa415a47b8fe84b0953d976b6920d82276aa,PRESERVE_REVIEW,False,NOT_ANCESTOR_OF_MASTER,
feat/synthetic-demographic-primary-v2-20260929,b9561d78bc6604d3d9dc267c865d8bef7a8db916,PRESERVE_REVIEW,False,NOT_ANCESTOR_OF_MASTER,
fix/local-progressive-backfill-upgrade,b95f8e30ad6a595673cfac3a34d9c345c449227c,PRESERVE_REVIEW,False,NOT_ANCESTOR_OF_MASTER,
docs/preserve-rf052-historical-fallback,ba099bf521d0098c5b5ea55d176261236af81fbc,PRESERVE_REVIEW,False,NOT_ANCESTOR_OF_MASTER,
fix/territorializacao-semantica-residencial-v2,bb6d836313c1d646fb7ee3c42b268cd55715a644,PRESERVE_REVIEW,False,NOT_ANCESTOR_OF_MASTER,
fix/splink-json-options-cache,bba5b64b25fa0adff7d1768a08541770aa800df0,PRESERVE_REVIEW,False,NOT_ANCESTOR_OF_MASTER,
feat/pessoa-v5-contract-371,bbe021d1cf45b0467c8910b50da2a07bb51971f7,CANDIDATE_DELETE,True,,
feat/linkage-transitivity-diagnostic,bc74d6b0c4f2ec1149c55dfeb8e4803b88275f03,PRESERVE_REVIEW,False,NOT_ANCESTOR_OF_MASTER,
chore/security-historical-gitleaks-audit,bccb6e723c47ebfc6b223e70f9077194ad43aed4,PRESERVE_REVIEW,False,AUDIT_RELEASE_SECURITY_NAME;NOT_ANCESTOR_OF_MASTER,
ci/dt12-precleanup-backup-trigger-20261001,bcef3a6d9f66891150a882e7c9c8dccd40ddad0d,PRESERVE_REVIEW,False,NOT_ANCESTOR_OF_MASTER,
fix/synthetic-feb29-year-corruption-20260922,bd0c032147995c479edd73a325e91317e51a9499,PRESERVE_REVIEW,False,NOT_ANCESTOR_OF_MASTER,
fix/jaro-prefix-gate-v3-20260927,be77175413509699a7ca98bf035b7d3e6e740c44,PRESERVE_REVIEW,False,NOT_ANCESTOR_OF_MASTER,
docs/explicit-three-major-gates-20260929,bebc075fbe6567a6edfc8ac6c62579b27d289c94,PRESERVE_REVIEW,False,NOT_ANCESTOR_OF_MASTER,
fix/local-monitor-autoconnect,bf127b05869a1f043a21a7ccfab5dcd45582fc82,PRESERVE_REVIEW,False,NOT_ANCESTOR_OF_MASTER,
fix/dt05-e2e-preflight-evidence,bf781b47b97eba664cfacb764c6626f320185820,PRESERVE_REVIEW,False,AUDIT_RELEASE_SECURITY_NAME;NOT_ANCESTOR_OF_MASTER,
docs/dt07-governance-rn-sql-security,bfcbd80b2af93011461a2761c0dae9da6bce72b7,PRESERVE_REVIEW,False,EXPLICIT_PRESERVE;AUDIT_RELEASE_SECURITY_NAME;NOT_ANCESTOR_OF_MASTER,
feat/calibrador-splink-runner-rebased,c07a186901b3ef205087f5535e31c267acb84993,PRESERVE_REVIEW,False,NOT_ANCESTOR_OF_MASTER,
feat/bi-hierarchical-navigation,c0b821532835f078e96f2ee93ab368ddc85bfafb,PRESERVE_REVIEW,False,NOT_ANCESTOR_OF_MASTER,
feat/linkage-conference-evidence-20260920,c21922335c1ec09b0859e36377295ed97b21290b,PRESERVE_REVIEW,True,AUDIT_RELEASE_SECURITY_NAME,
calibrador-feature-lineage,c3067381b48c0d2a7e647dfb77920ae1b298e5bf,CANDIDATE_DELETE,True,,
feat/local-standalone-commands,c42699d8f3c4f0b4f95724f13c93388b5745bf0d,PRESERVE_REVIEW,False,NOT_ANCESTOR_OF_MASTER,
test/dt17-maria-operational-sql-clean-20260928,c54ffccc33a754ea1e090305fc299a1ed0a4fd4e,PRESERVE_REVIEW,False,NOT_ANCESTOR_OF_MASTER,
design/linkage-sunter-multievidencia-v406,c564798f91058d9776f19d78d416383492e3434f,PRESERVE_REVIEW,False,NOT_ANCESTOR_OF_MASTER,
docs/candidate-info-146,c5ed720244d2f7f88cb784ce20c2e31073a08db7,PRESERVE_REVIEW,False,NOT_ANCESTOR_OF_MASTER,
docs/uml-architecture-current,c671c754e9cc9beaa312ebc6190823803aa9684d,CANDIDATE_DELETE,True,,
work/progressive-reference-publication,c6aaddd0a839967bf1aefa7ce8a1c613207ab087,CANDIDATE_DELETE,True,,
chore/local-clean-linkage-test,c6af8c022e90c90a5d3ed932f64d0a2a1fd164fd,PRESERVE_REVIEW,False,NOT_ANCESTOR_OF_MASTER,
feat/gold-pessoa-primeiro-nome,c72fe49a42e2e989f7661241905b52bd62475808,PRESERVE_REVIEW,False,NOT_ANCESTOR_OF_MASTER,
test/linkage-twin-like-adversarial,c7ae455b148756f47dab0d8f9e90e322d13f948a,PRESERVE_REVIEW,False,EXPLICIT_PRESERVE;NOT_ANCESTOR_OF_MASTER;ACTIVE_TEXT_REFERENCE,Solution/docs/Ensaio_Unico_Paridade_HML.md;Solution/docs/Nucleo_Linkage_Identidade_Progressiva.md;Solution/docs/Plano_Desenvolvimento.md
fix/dt02-net10-after-e2ea,c7b928d731e41b41a3c408a207fc0b98622cf95b,PRESERVE_REVIEW,False,NOT_ANCESTOR_OF_MASTER,
docs/fechamento-v5-fabric,c840c97e60e53f20b97f0b0bd3bffe970c4594d3,CANDIDATE_DELETE,True,,
feat/434-nomesbr-name-components,c8acd16d98abd8cc5ef4fa4138dbce05951a9836,CANDIDATE_DELETE,True,,
fix/local-autostart-docker-desktop,c90862a44c99b5ec3d94d201ac7b501535761ba3,PRESERVE_REVIEW,False,NOT_ANCESTOR_OF_MASTER,
fix/candidate-schema-provenance,c94afd10043720c746a729e76ac5887b7663917b,PRESERVE_REVIEW,False,NOT_ANCESTOR_OF_MASTER,
test/dt10-ci-evidence-20260930,c9e11039ec3c69beb93d3819ff1444d25fbf8c7c,PRESERVE_REVIEW,False,AUDIT_RELEASE_SECURITY_NAME;NOT_ANCESTOR_OF_MASTER,
feat/dt05-runner-capture,ca141e3143b6c2ae4c0184571d4d4424284170b1,CANDIDATE_DELETE,True,,
fix/ibge-sobrenome-semantica,ca355dd9e493469720b333184a72ce7f89de012e,PRESERVE_REVIEW,False,NOT_ANCESTOR_OF_MASTER,
fix/security-e2e-sqlcmd-env-405,caf8ce62f771619f194cf828b4ade3f538e891b7,PRESERVE_REVIEW,False,AUDIT_RELEASE_SECURITY_NAME;NOT_ANCESTOR_OF_MASTER,
feat/bi-qualidade-resolucao-gestor-real,cbc7b2faf1d1ba79f8a2b85883b179d202841d75,PRESERVE_REVIEW,False,NOT_ANCESTOR_OF_MASTER,
work/linkage-blocking-feature-diagnostic,cbe1a6d308e50d5dce74b65c217ec5f96f08171a,CANDIDATE_DELETE,True,,
docs/sp-municipal-u-no-geographic-fallback-20260926,cc2b7b3b0d7ff39567d84b22acedddba57d6eaee,CANDIDATE_DELETE,True,,
fix/local-scale-pwd-collision,cc48b9cb4da14ba84ccb71b8fd3e066d05efe8f0,PRESERVE_REVIEW,False,NOT_ANCESTOR_OF_MASTER,
feat/name-comparison-runtime-v7-contract,cc4b37fbff7193ebd65fe0e0eb855f761334b6ab,PRESERVE_REVIEW,False,NOT_ANCESTOR_OF_MASTER,
chore/dependabot-group-minor-patch,cc56a9306307cc840952c8d796d9845d2f396379,CANDIDATE_DELETE,True,,
refactor/linkage-double-scoring-boundary,cc999ec42502587d5fadd78b379b0d659e807e4b,PRESERVE_REVIEW,False,NOT_ANCESTOR_OF_MASTER,
docs/gold-divergencias-observacoes-20260927,ccc43c28c603feab14a436074b1b6099a46b3708,PRESERVE_REVIEW,False,NOT_ANCESTOR_OF_MASTER,
fix/linkage-validation-quality-semantics,ccff21371bbe8d039ed47a487e16cc95cdd1249a,PRESERVE_REVIEW,False,NOT_ANCESTOR_OF_MASTER,
feat/calibrador-resolution-models,cd1fbb6f47689c415fd82bf156983c9324f2748b,CANDIDATE_DELETE,True,,
diag/linkage-prior-counterfactual,cd6a6aa7d200f67f4f95659b18026e0715f39625,PRESERVE_REVIEW,False,NOT_ANCESTOR_OF_MASTER,
calibrador-feature-lineage-v2,cdb46789a2072579b1e540bfc0c8a6ceea7db446,CANDIDATE_DELETE,True,,
feat/synthetic-corpus-csharp-port-416,cdc112410478c7823d0c6ce5c802a9f645cbbadf,CANDIDATE_DELETE,True,,
docs/ibge-bootstrap-only-level-u-20260929,ce261158dad0abb901aa90f3be482df204e8ae80,PRESERVE_REVIEW,False,NOT_ANCESTOR_OF_MASTER,
feat/sql-blocking-search-config-v2,cef464410b16b49e638ccb7b1ea12659d2b30199,PRESERVE_REVIEW,False,NOT_ANCESTOR_OF_MASTER,
ci/impact-classifier-20260930,cf6d20f5675859407487e872fc686eae1772959e,PRESERVE_REVIEW,False,NOT_ANCESTOR_OF_MASTER,
docs/dt09-verified-conference-gates-20260926,cfb3272f2bdfe2310bfcb97e0fbdff2c3ee22c45,CANDIDATE_DELETE,True,,
feat/calibrador-splink-runner,d02259cf03d64f53468a517910936a616e607ab7,PRESERVE_REVIEW,False,NOT_ANCESTOR_OF_MASTER,
test/dt05-runner-e2e-gate,d07d8e6936e0f3c2fb9f4836f5d443f1340fdf16,CANDIDATE_DELETE,True,,
fix/dt04-central-access-auth-20260926,d09af49739a83963bf15e94e5fea32a9581607c7,CANDIDATE_DELETE,True,,
calibrador-cns-ground-truth,d1141bb6bc327abc57cd9f96827add5672610a6b,CANDIDATE_DELETE,True,,
docs/candidate-nomemae-current-state,d13c98926071fb282b5c2c23d40d9c66a1ebefef,PRESERVE_REVIEW,False,NOT_ANCESTOR_OF_MASTER,
fix/consolidacao-schema-requisitos-release,d17b5eeb71b99f009e59ce72141a122dd964c754,PRESERVE_REVIEW,True,AUDIT_RELEASE_SECURITY_NAME,
fix/scale-observability-powershell,d1e627689fd915ab5fe467200fa91c8243c5bc61,PRESERVE_REVIEW,False,NOT_ANCESTOR_OF_MASTER,
docs/ci-impact-classification-20260930,d1f6882aab978a9302c553ee432bca145ac8517d,PRESERVE_REVIEW,False,NOT_ANCESTOR_OF_MASTER,
feat/splink-ibge-transition-matrix-20260927,d3067183d5d9d75580c1a9f53c2ecaeda28ec4ca,PRESERVE_REVIEW,False,NOT_ANCESTOR_OF_MASTER,
work/cpf-anchor-processor-integration,d369e8eeaf689eea418c9c26c064d9815b6f1e45,CANDIDATE_DELETE,True,,
fix/territorializacao-semantica-residencial,d3985668289438cc8290a37134783447d505d261,PRESERVE_REVIEW,False,NOT_ANCESTOR_OF_MASTER,
feat/linkage-run-blocking-provenance,d40fffb2f60f9d11b68deacbe8ccc3d88d81890f,CANDIDATE_DELETE,True,,
fix/linkage-scale-evidence-provenance,d441481f4db35f2c1a0eab80f2ba208354301d09,PRESERVE_REVIEW,True,AUDIT_RELEASE_SECURITY_NAME,
feat/splink-ibge-bootstrap-conference-20260926,d4aade8cbfff06fc10bda1aacea072227572cad0,CANDIDATE_DELETE,True,,
feat/416-wave-runtime-checkpoints,d54f3035edf37850deccd8ff6e26852bb96d5491,PRESERVE_REVIEW,False,NOT_ANCESTOR_OF_MASTER,
fix/rf052-bootstrap-persistido-runtime-20260929,d553bfb9a141d7fc15141a0b2743405d047fd014,PRESERVE_REVIEW,False,NOT_ANCESTOR_OF_MASTER,
feat/linkage-run-name-frequency-provenance,d5ea3d523b4b998a153a2958ed9929beff84ccff,PRESERVE_REVIEW,False,NOT_ANCESTOR_OF_MASTER,
dev/linkage-ibge-monte-carlo-names-20260917,d68ac5ecffb99dd2ba4280a74913cd07bfa77993,PRESERVE_REVIEW,False,NOT_ANCESTOR_OF_MASTER,
work/linkage-ibge-name-frequency-contract,d73e569b466fe5f5c654c4250147c964ea3fbbc4,CANDIDATE_DELETE,True,,
fix/local-messages-build-progress,d7959d69db0225e36145b80af2f59b78dd226ee8,CANDIDATE_DELETE,True,,
test/reuse-existing-ibge-reference,d8c2eddf97cf64809fff809cdebe9fa18902aa7f,PRESERVE_REVIEW,False,NOT_ANCESTOR_OF_MASTER,
work/identity-progressive-foundation,d8d2e3cc0bda595309a5edb6b0dd4b080f752b47,PRESERVE_REVIEW,False,NOT_ANCESTOR_OF_MASTER,
docs/dt-14-linkage-conference-frequency-20260927,d94bd268a4fa2750c47632b15fd9c5aa12d154c1,PRESERVE_REVIEW,False,NOT_ANCESTOR_OF_MASTER,
fix/rf572-reference-compatibility-v2,d956e9e44eaaa6df642b2c1cd2998197accf1093,CANDIDATE_DELETE,True,,
fix/local-suite-isolation-scale-reset,d9a3f8ec0b297bb59b95a05f46ba9a5082e43375,PRESERVE_REVIEW,False,NOT_ANCESTOR_OF_MASTER,
dependabot/github_actions/actions/setup-python-7.0.0,d9c83606095db3bad288b28beb507a53ae107985,PRESERVE_REVIEW,False,OPEN_PR_658;NOT_ANCESTOR_OF_MASTER,
fix/monitor-live-lote-heartbeat-460,d9fa241dbb6488297fa2baa7cba9e672e4040d44,PRESERVE_REVIEW,False,NOT_ANCESTOR_OF_MASTER,
fix/dc-id02-divisao-uuid-literal-20260929,da09cf9384c2a49af3846e11b13c79952fd29ce3,PRESERVE_REVIEW,False,NOT_ANCESTOR_OF_MASTER,
fix/security-lock-probe-sqlcmd-env-405,db19b927c5fe00796dad1c68a9522fb120cf27d4,PRESERVE_REVIEW,False,AUDIT_RELEASE_SECURITY_NAME;NOT_ANCESTOR_OF_MASTER,
docs/governanca-ibge-20260928,dba2678b7ed86285173f6c4730b8b38a352c067e,PRESERVE_REVIEW,False,NOT_ANCESTOR_OF_MASTER,
feat/linkage-fp-rate-calibration-20260926,dbd1b6c16b6640d807e1f34701d4754801a4679f,CANDIDATE_DELETE,True,,
fix/readiness-technical-gate-370,dc3bb4ff30bf8002b23e6a9ea3d100324f86f14c,CANDIDATE_DELETE,True,,
feat/identity-decision-ledger-20260920,dc427d349f3e2654e37ca55d0698e18ccbbccf6d,CANDIDATE_DELETE,True,,
feat/linkage-audit-roundtrip-20260920,dc876d86232ba5f931e07e39c11841fd8a03c801,PRESERVE_REVIEW,True,AUDIT_RELEASE_SECURITY_NAME,
docs/dt15-comparativo-prevalidate-20260927,dce59d077da657ec7bad9546d0879efc1ee8b6dc,PRESERVE_REVIEW,False,NOT_ANCESTOR_OF_MASTER,
fix/sql-calibrator-dynamic-blocking,dcfc5873b02a2f494df9ff107ed4a2852a9f042a,PRESERVE_REVIEW,False,NOT_ANCESTOR_OF_MASTER,
work/identity-publication-eligibility,dd10fa908d08e6badc755bc24b45f96ccf137ca4,CANDIDATE_DELETE,True,,
fix/local-scale-observation-message,dd1e8668694e02b810b457c79d300d18495a7690,PRESERVE_REVIEW,False,NOT_ANCESTOR_OF_MASTER,
feat/fs-decision-threshold-calibration,dd235e3727a269ecbbaab1367265e3f40471af6d,PRESERVE_REVIEW,False,NOT_ANCESTOR_OF_MASTER,
docs/fs-calibration-snapshot-contract-20260930,de4946236965c4746299b138b93ec56f1048bc71,PRESERVE_REVIEW,False,NOT_ANCESTOR_OF_MASTER,
feat/busca-sincrona-semicega,de55fe8326b84932e5c404bcc1c549de9f752634,CANDIDATE_DELETE,True,,
work/progressive-identity-origin-api,df6f0d524fccca1e765c0e5b07998dcea6df2185,CANDIDATE_DELETE,True,,
feat/linkage-model-config-bundle-20260930,df8d24b1f53d8a34c38a8ed1497b355ee7ec587d,CANDIDATE_DELETE,True,,
docs/splink-external-execution-pending-20260927,e03614ef90976439a6241a71117d0b4d5aca4526,PRESERVE_REVIEW,False,NOT_ANCESTOR_OF_MASTER,
feat/rf-rnf-linkage-ibge-calibrador-avaliador,e04c3ce70d9cd17d5c06a6e99328c553f26d8c78,PRESERVE_REVIEW,False,NOT_ANCESTOR_OF_MASTER,
fix/security-rc-sqlcmd-env-405,e070974ccb106ecede9b62d1f71e991042bbb69e,PRESERVE_REVIEW,False,AUDIT_RELEASE_SECURITY_NAME;NOT_ANCESTOR_OF_MASTER,
feat/ibge-name-publication-semantics,e0f0cc7ce74d128fca18b277f5277f4140b04d62,PRESERVE_REVIEW,False,NOT_ANCESTOR_OF_MASTER,
feat/linkage-conflict-governed-review,e1e7a341a6fa8eca6dbf5b70f57280f3a90d0566,CANDIDATE_DELETE,True,,
work/progressive-identity-source-query,e1fa3d1d9c20f26614ff0c832a903b70214a6dc7,PRESERVE_REVIEW,False,NOT_ANCESTOR_OF_MASTER,
fix/405-secure-first-run-local-env,e20b1b954d2b2680d2fe6960a9baad14387fdfb5,PRESERVE_REVIEW,False,NOT_ANCESTOR_OF_MASTER,
feat/506-independent-u-report-comparison-20260927,e21a360f13c9d1b124786e55edfd9ee86dccd962,PRESERVE_REVIEW,False,NOT_ANCESTOR_OF_MASTER,
feat/name-frequency-coverage,e27078799683f9f15f67267230647ef9a64dd372,PRESERVE_REVIEW,False,NOT_ANCESTOR_OF_MASTER,
feat/416-calibration-failure-diagnostics-readonly,e2f55a37504a157ff25b7cc3d97a092cace3562b,PRESERVE_REVIEW,False,NOT_ANCESTOR_OF_MASTER,
test/dt05-preparing-run-guard,e368163f47a3915f620408def5fb55c1e68d9e3a,PRESERVE_REVIEW,False,NOT_ANCESTOR_OF_MASTER,
fix/windows-ddl-upgrade-msys-workdir,e3aa031fc4d5eab6337dac954c9e48bc5bb07912,PRESERVE_REVIEW,False,NOT_ANCESTOR_OF_MASTER,
fix/security-dev-sql-shell-entrypoints-405,e450355800597c4b7ebc65b0f88c485e7ccfcb54,PRESERVE_REVIEW,False,AUDIT_RELEASE_SECURITY_NAME;NOT_ANCESTOR_OF_MASTER,
docs/local-validation-sequence,e5037fb354b104d469f8df74e947932db3da1170,PRESERVE_REVIEW,False,NOT_ANCESTOR_OF_MASTER,
feat/statistical-combined-blocking-prototype,e55eea7a7a1f068374dd34c6c36591229df71ec3,CANDIDATE_DELETE,True,,
feat/linkage-transitivity-diagnostic-v2,e56801062e2ae1c52ebdb899c669e021055d7003,PRESERVE_REVIEW,False,NOT_ANCESTOR_OF_MASTER,
docs/cleanup-adr-and-postgresql-readme,e5f0fdfe162fa6fd353dfd3198fd9d62785f7f20,PRESERVE_REVIEW,False,NOT_ANCESTOR_OF_MASTER,
fix/security-gitleaks-evidence-failclosed-405,e65adcdd28baddfdf2424ee39105fd7a8b5ea1e5,PRESERVE_REVIEW,False,AUDIT_RELEASE_SECURITY_NAME;NOT_ANCESTOR_OF_MASTER,
feat/calibrador-splink-exchange,e721eab53fe1f9e1e81b4c6b3cafcdf067d45763,CANDIDATE_DELETE,True,,
test/identity-v4-sqlserver-cutover,e76fdaaac4c5bb34a440e7b91319402950f4d030,CANDIDATE_DELETE,True,,
feat/linkage-incremental-reevaluation-metrics-418,e7b501a845a6b5ea8feaf5d7d2f9f3234b6bbc0b,CANDIDATE_DELETE,True,,
feat/scale-observability-evidence,e7d5c96919ab93601db4302956ec10a792ba8b7d,PRESERVE_REVIEW,False,AUDIT_RELEASE_SECURITY_NAME;NOT_ANCESTOR_OF_MASTER,
feat/splink-transition-matrix-20260927,e84fede2c4e43dfa964bee93977ea32a5825003f,PRESERVE_REVIEW,False,NOT_ANCESTOR_OF_MASTER,
test/ibge-splink-jaro-boundaries-20260927,e8dc599a47150c2333bfe8d44da3e6e038ba66e6,PRESERVE_REVIEW,False,NOT_ANCESTOR_OF_MASTER,
fix/linkage-u-blocking-conditioned-v4,e927e7d3419f9868fcea484e537af12b931673bd,PRESERVE_REVIEW,False,NOT_ANCESTOR_OF_MASTER,
test/scale-blocking-pass-pressure,e97550ea599ccdcbdb2a9cd4f1bde5329f29e91f,PRESERVE_REVIEW,False,NOT_ANCESTOR_OF_MASTER,
fix/bronze-replay-current-projection,e99de8f1c7d40923440c423cc89e68686c39956a,PRESERVE_REVIEW,False,NOT_ANCESTOR_OF_MASTER,
feat/linkage-truth-candidate-audit,ea0aae2faa336765adf36541a8b3819b02f06492,PRESERVE_REVIEW,False,AUDIT_RELEASE_SECURITY_NAME;NOT_ANCESTOR_OF_MASTER,
feat/dt02-net10-sdk-foundation,ea38faace399b88ab75e422df52d78d5ab2aa89e,PRESERVE_REVIEW,False,NOT_ANCESTOR_OF_MASTER,
fix/scale-ibge-weighted-names-v3,eab770a2b7ea79dc3dddc80db8c3529c1ebd7d10,CANDIDATE_DELETE,True,,
test/dt05-score-only-idempotency,eac4098ae9f4b5ee2dbf629ec3ca40e144a780a4,PRESERVE_REVIEW,False,NOT_ANCESTOR_OF_MASTER,
docs/ensaio-secretarias-paridade-hml,eb19577af992e481d2f239c2e1b02758cb4242ee,PRESERVE_REVIEW,False,AUDIT_RELEASE_SECURITY_NAME;NOT_ANCESTOR_OF_MASTER,
fix/rc-provenance-hml-environment-guard,eb44523b74f16718571dfbb7e2b072a22e550b57,PRESERVE_REVIEW,True,AUDIT_RELEASE_SECURITY_NAME,
fix/windows-powershell-utf8-bom,eb94729d0f6993848a1309169a25d753d37c81da,PRESERVE_REVIEW,False,NOT_ANCESTOR_OF_MASTER,
fix/449-powershell51-cluster-readiness-docker-shell,ebc1f410e904c64b5305db9d4ebe5c25da90e97b,PRESERVE_REVIEW,False,NOT_ANCESTOR_OF_MASTER,
feat/calibrador-splink-runner-v2,ebde93bfede95a60009b235f5d6e52fe90e9142c,PRESERVE_REVIEW,False,NOT_ANCESTOR_OF_MASTER,
fix/pbir-visual-identifiers,ec803254a684ef3d08691fad97fc864a885dd540,PRESERVE_REVIEW,False,NOT_ANCESTOR_OF_MASTER,
feat/linkage-projection-contract-binding,ecac1470b8b54744119372964a3eecd08a619f31,CANDIDATE_DELETE,True,,
fix/blocking-physical-key-width,ee20d74ffb15ca9fcd64fe8d35a093d6ef70c982,PRESERVE_REVIEW,False,NOT_ANCESTOR_OF_MASTER,
fix/416-synthetic-quarantine-reason,ee60f7523afefcc81e28f7f6e887f2354e5ba174,PRESERVE_REVIEW,False,NOT_ANCESTOR_OF_MASTER,
feat/linkage-fs-calibration-snapshots-20260930,ee8069a6515b15f6c47279046ed5e9219f2a6264,PRESERVE_REVIEW,False,NOT_ANCESTOR_OF_MASTER,
docs/404-checkpoint-20260927,ef9b029cccc900455f3bc75766592c8a3f89f789,PRESERVE_REVIEW,False,NOT_ANCESTOR_OF_MASTER,
feat/linkage-conference-command-20260920,efe93e83174fc4f0c785b0021f59e721c603d6ff,CANDIDATE_DELETE,True,,
fix/docs-sgm-sepe-regression-gate,f0021bf055c7078f687e81006b3ed0fd60c7e53a,CANDIDATE_DELETE,True,,
feat/synthetic-demographic-primary-20260929,f0569807d4c76a77dba54063586321f96da5e144,PRESERVE_REVIEW,False,NOT_ANCESTOR_OF_MASTER,
fix/local-linkage-evaluation-windows,f1570fb06b6265cd35b60fecc38183585e715c6d,PRESERVE_REVIEW,False,NOT_ANCESTOR_OF_MASTER,
fix/dt02-net10-clean-master,f1d02bc51113ec5d5dedd2f82b9371b6ba97eb8f,PRESERVE_REVIEW,False,NOT_ANCESTOR_OF_MASTER,
feat/schema-ledger-windows-installer,f1e7718dd3b431ec9ce061e1d394b73c12db0f18,PRESERVE_REVIEW,False,NOT_ANCESTOR_OF_MASTER,
tech/dt08-linkage-core-physical-ownership,f22f81db6c09a61bab43fe31715a610997e44846,PRESERVE_REVIEW,True,EXPLICIT_PRESERVE,
docs/dp01-matriz-frentes-01-08,f2378a2f4b4decfe82ad3525ad9ecb5da0f3e2e6,PRESERVE_REVIEW,False,NOT_ANCESTOR_OF_MASTER,
test/dt05-cpf-tardio-runner-e2e,f3bbb9366a442d0f45471d1e234e3d02e680c145,CANDIDATE_DELETE,True,,
feat/linkage-runtime-dynamic-person-projections,f4992f6e5454c86cf716485f9b39c54b3e09cd9b,CANDIDATE_DELETE,True,,
work/identity-composition-application,f56c625a41d6d4f40da7fd7e196f9c4f65c63caf,CANDIDATE_DELETE,True,,
feat/dt15-readonly-calibration-timeline-20260929,f5a6e0da5a406a700b667561b19a576dacb388bf,PRESERVE_REVIEW,False,NOT_ANCESTOR_OF_MASTER,
feat/ensaio-progressivo-relatorio,f5ac158e20638dbd8ce141f91ef0a0ae92ae8918,CANDIDATE_DELETE,True,,
feat/ibge-splink-csv-evidence-20260927,f6ec00f680b15c2a30aa99a1c0fa4a3d3353349f,PRESERVE_REVIEW,False,AUDIT_RELEASE_SECURITY_NAME;NOT_ANCESTOR_OF_MASTER,
fix/linkage-diagnose-sql-failfast,f7c4e4d23f463342395aca2e9f5f9b91f153ac99,PRESERVE_REVIEW,False,NOT_ANCESTOR_OF_MASTER,
docs/ibge-splink-verified-diagnostics-20260927,f7f9d3861d1765f0a390ae7aa2c05ba61513eea8,PRESERVE_REVIEW,False,NOT_ANCESTOR_OF_MASTER,
docs/gtpr-governanca-decisoria,f8307fbda2c6146f379b1ad59833108d164777a8,PRESERVE_REVIEW,False,NOT_ANCESTOR_OF_MASTER,
test/dt05-local-e2e-runner,f8e2c82cf118c2ff53a5406da48281685d5987a8,PRESERVE_REVIEW,False,NOT_ANCESTOR_OF_MASTER,
test/gold-tres-atributos-20260927,f956e846c81137338e6c7e38d4fc22b98bc4076d,PRESERVE_REVIEW,False,NOT_ANCESTOR_OF_MASTER,
work/identity-progressive-persistence,f964191e7201204dbc312336824a9f4904e97ab5,PRESERVE_REVIEW,False,NOT_ANCESTOR_OF_MASTER,
fix/linkage-evidence-profiles,fac736d822ac9a4b26bd5b6dac88231ef07aa075,PRESERVE_REVIEW,False,AUDIT_RELEASE_SECURITY_NAME;NOT_ANCESTOR_OF_MASTER,
test/ibge-gate-negative-cases-600,fb043b0bebc02487287c649dd343736ab1edb5af,PRESERVE_REVIEW,False,NOT_ANCESTOR_OF_MASTER,
feat/person-origin-base-v2,fc4317ae11b1c7dd515ddd122cf3829dbdf80411,PRESERVE_REVIEW,False,NOT_ANCESTOR_OF_MASTER,
test/openapi-blackbox-acceptance,fc4f2485434f9d5d1a5e8c0e260786f863dc943d,PRESERVE_REVIEW,False,NOT_ANCESTOR_OF_MASTER,
refactor/ensaio-auditabilidade-v2,fce32aa59891a69843fb36199359e2e1d45bb824,PRESERVE_REVIEW,False,NOT_ANCESTOR_OF_MASTER,
work/linkage-dynamic-blocking-calibration-evaluation,fd00bccb3902ff8f8f94afebb8d904dfa31a81ba,CANDIDATE_DELETE,True,,
dependabot/nuget/Solution/src/Jornada.Bronze.Verify/Microsoft.Data.SqlClient-7.0.3,fd16f798182d0f8f3476ea5bd55f0946f01a9346,PRESERVE_REVIEW,False,NOT_ANCESTOR_OF_MASTER,
fix/security-synthetic-ps-sqlcmd-405,fd7be4bad673e59e931da7d47cebef797f1aa716,PRESERVE_REVIEW,False,AUDIT_RELEASE_SECURITY_NAME;NOT_ANCESTOR_OF_MASTER,
feat/issue-270-person-v4-runtime,fe091a735e818fc64a21b61f06310ba93feb878d,PRESERVE_REVIEW,False,NOT_ANCESTOR_OF_MASTER,
fix/linkage-parameter-catalog,feab442c865bd054333de89bfb842d19b35c9c68,PRESERVE_REVIEW,False,NOT_ANCESTOR_OF_MASTER,
fix/blocking-transportability-projection,ff27c5c2fc5a2bd5987b379bc74d2cebf27f45ec,PRESERVE_REVIEW,False,NOT_ANCESTOR_OF_MASTER,