"root_file","git_blob_sha1","category","retention_status"
"NOTA_CONVERGENCIA_V3.68.txt","72561b8f2bfa64b9c2e0595c570f3e5eb82a1162","NOTA","PRESERVAR_ATE_APROVACAO"
"NOTA_ENGENHARIA_V3.69.txt","cfaa08a6ddb1acfa5ef4b6469a5b536590434987","NOTA","PRESERVAR_ATE_APROVACAO"
"NOTA_ENGENHARIA_V3.70.txt","18922b67df45319be4cc8083178bef31548fe45c","NOTA","PRESERVAR_ATE_APROVACAO"
"NOTA_ENGENHARIA_V3.71.txt","220ed1678a9d26c15671344b7cd4623d4edceddc","NOTA","PRESERVAR_ATE_APROVACAO"
"NOTA_ENGENHARIA_V3.72.txt","e23af179bfdf6c2eeba38db367609cebfb698c4d","NOTA","PRESERVAR_ATE_APROVACAO"
"NOTA_ENGENHARIA_V3.73.txt","7fa06fd5e94182347b828fa126f4d4f0f3117565","NOTA","PRESERVAR_ATE_APROVACAO"
"NOTA_ENGENHARIA_V3.74.txt","cb7fb014ac43688307c576f427a88e2b9f5af238","NOTA","PRESERVAR_ATE_APROVACAO"
"NOTA_ENGENHARIA_V3.75.txt","e7a7a00cd46cc83c3ca5e6bf0447890577c662ce","NOTA","PRESERVAR_ATE_APROVACAO"
"NOTA_ENGENHARIA_V3.76.txt","405346352606d384485cbcf9f0288756c41b4d28","NOTA","PRESERVAR_ATE_APROVACAO"
"NOTA_ENGENHARIA_V3.77.txt","ab16fb4bea6e556f182f98f752fba3f755b2efb2","NOTA","PRESERVAR_ATE_APROVACAO"
"NOTA_ENGENHARIA_V3.78.txt","4056fee833d1ac871b794280570ee6ec6daad964","NOTA","PRESERVAR_ATE_APROVACAO"
"NOTA_ENGENHARIA_V3.79.txt","705a1038faf6a1201d7ed93c9371ed7a70c4a059","NOTA","PRESERVAR_ATE_APROVACAO"
"NOTA_ENGENHARIA_V3.80.txt","fa7d9af5b784f3bda936b3eae5c90d6ab0f5b23c","NOTA","PRESERVAR_ATE_APROVACAO"
"NOTA_ENGENHARIA_V3.82.txt","60584e53be76ce84dead2f9e3d16abe193227d69","NOTA","PRESERVAR_ATE_APROVACAO"
"NOTA_ENGENHARIA_V3.83.txt","138fff280b068f8a2429437edd753fb8349ff516","NOTA","PRESERVAR_ATE_APROVACAO"
"NOTA_ENGENHARIA_V3.84.txt","366458cef3bb2f988ea95d7c5401002b78735e13","NOTA","PRESERVAR_ATE_APROVACAO"
"NOTA_ENGENHARIA_V3.85.txt","d13fc14aeb9f551d136ffb4c2437ce179622059b","NOTA","PRESERVAR_ATE_APROVACAO"
"NOTA_ENGENHARIA_V3.86.txt","c7b573f634aa3d01656938091b5fcd6332bcef23","NOTA","PRESERVAR_ATE_APROVACAO"
"NOTA_ENGENHARIA_V3.87.txt","9bdedf5754cedf14f3a9286ef1d23918691ef174","NOTA","PRESERVAR_ATE_APROVACAO"
"NOTA_ENGENHARIA_V3.88.txt","1448acfc03cf1aaaa71c07e59f4b286b762a2ca8","NOTA","PRESERVAR_ATE_APROVACAO"
"NOTA_ENGENHARIA_V3.89.txt","45a1d2b3a7f91da8175e3b41ebd08a86b69cd079","NOTA","PRESERVAR_ATE_APROVACAO"
"NOTA_ENGENHARIA_V3.90.txt","47f2eca27a9a00946bd9e43f94971698e898cb3c","NOTA","PRESERVAR_ATE_APROVACAO"
"NOTA_ENGENHARIA_V3.91.txt","13911b85b0fda64aefb5132311d023e2d42b76db","NOTA","PRESERVAR_ATE_APROVACAO"
"NOTA_ENGENHARIA_V3.92.txt","2d462d816a90680d74ad279f4ebc5bd0108218d3","NOTA","PRESERVAR_ATE_APROVACAO"
"NOTA_ENGENHARIA_V3.93.txt","056b025f662583d8f0f41927e1d8f7ea7b8ed84d","NOTA","PRESERVAR_ATE_APROVACAO"
"NOTA_ENGENHARIA_V3.94.txt","74b6794113f8f811bbf6c39786d4bdcc7117ff45","NOTA","PRESERVAR_ATE_APROVACAO"
"NOTA_ENGENHARIA_V3.95.txt","72ee56031c63ff6909b0012df54911e6c11a6f3b","NOTA","PRESERVAR_ATE_APROVACAO"
"NOTA_ENGENHARIA_V3.96.txt","80515081a8ea3a1f8c229f4c56cf6d8753b3d984","NOTA","PRESERVAR_ATE_APROVACAO"
"NOTA_ENGENHARIA_V3.97.txt","4a98aa6b56df3460683d1396cc661a8c472b4d33","NOTA","PRESERVAR_ATE_APROVACAO"
"NOTA_ENGENHARIA_V3.98.txt","d1742888649239b6b0efb9405b27446fc29ad109","NOTA","PRESERVAR_ATE_APROVACAO"
"NOTA_ENGENHARIA_V3.99.txt","bbeb013d54fde965e169e00c8443f4dcc34dba76","NOTA","PRESERVAR_ATE_APROVACAO"
"NOTA_ENGENHARIA_V4.00.txt","bed06b1fefbffe55f0ed7dab8dcb18213ca484e8","NOTA","PRESERVAR_ATE_APROVACAO"
"NOTA_ENGENHARIA_V4.01.txt","5b1e42d2e4bc7188af4cc90e0fba4147992263d5","NOTA","PRESERVAR_ATE_APROVACAO"
"NOTA_ENGENHARIA_V4.02.txt","3e2078e99b27ff7f3e8dbb2c8da31a33aa578df9","NOTA","PRESERVAR_ATE_APROVACAO"
"NOTA_ENGENHARIA_V4.03.txt","78c27edea736c783e179193983e1091684b1bb82","NOTA","PRESERVAR_ATE_APROVACAO"
"NOTA_ENGENHARIA_V4.04.txt","e6f591f82c004ac67caff64ac4609aed48ab74a8","NOTA","PRESERVAR_ATE_APROVACAO"
"NOTA_ENGENHARIA_V4.05.txt","7cdd2277f0d510773b2e05870ffc0d3b212e364a","NOTA","PRESERVAR_ATE_APROVACAO"
"RELEASE_INFO.txt","4bfff3be62ebce47ef13e124ca129c7b06e02c73","RELEASE","PRESERVAR_ATE_APROVACAO"
"RELEASE_v3.83.txt","5e8fa606f4ba23deb5a32eaaeb0c0c802bb25eec","RELEASE","PRESERVAR_ATE_APROVACAO"
"RELEASE_v3.84.txt","15ed987f094230cfe48e2cf7ec9e91235d4fc68e","RELEASE","PRESERVAR_ATE_APROVACAO"
"RELEASE_v3.85.txt","8b7c2af1be188618a24177a9fe0e65aed45b97a8","RELEASE","PRESERVAR_ATE_APROVACAO"
"RELEASE_v3.86.txt","725eabc93e44b60daac45dc7d9d007663726b3b5","RELEASE","PRESERVAR_ATE_APROVACAO"
"RELEASE_v3.87.txt","d4cba65b28ac464f973004ff482992ee2ccb21a8","RELEASE","PRESERVAR_ATE_APROVACAO"
"RELEASE_v3.88.txt","b979b82a4a057b612f3a53dfcd7b9a95526c9afb","RELEASE","PRESERVAR_ATE_APROVACAO"
"RELEASE_v3.89.txt","9e5ea35b5c2ce0a826c3b18875df33ea32c577bc","RELEASE","PRESERVAR_ATE_APROVACAO"
"RELEASE_v3.90.txt","bc30b59b296bef08b76bbe3e8ba64461b765b133","RELEASE","PRESERVAR_ATE_APROVACAO"
"RELEASE_v3.91.txt","d1f2e5cfd2ed8d3347f835413d61f7c347253893","RELEASE","PRESERVAR_ATE_APROVACAO"
"RELEASE_v3.92.txt","426f2a7f5f7230763094a807aabb73ea02a0fcf7","RELEASE","PRESERVAR_ATE_APROVACAO"
"RELEASE_v3.93.txt","84b8e6338d6073aaa4a20fa3ad56e1f6844eb250","RELEASE","PRESERVAR_ATE_APROVACAO"
"RELEASE_v3.94.txt","43720f4960b0a5b3a5d71d6edc193be4f3adf1f6","RELEASE","PRESERVAR_ATE_APROVACAO"
"RELEASE_v3.95.txt","bbad66340c725437c30bde1e554434b4775eae3f","RELEASE","PRESERVAR_ATE_APROVACAO"
"RELEASE_v3.96.txt","8f2591bb44da5fc85ab225c0737d18edaec697b4","RELEASE","PRESERVAR_ATE_APROVACAO"
"RELEASE_v3.97.txt","5cdb6cbe548162e7cbd2633ef6c8582c239005ce","RELEASE","PRESERVAR_ATE_APROVACAO"
"RELEASE_v3.98.txt","5a466fdcac51c9ce4329e5d895a88842effa6099","RELEASE","PRESERVAR_ATE_APROVACAO"
"RELEASE_v3.99.txt","26724df3f2d24f7a1d3256642a64b3f5d02f1255","RELEASE","PRESERVAR_ATE_APROVACAO"
"RELEASE_v4.00.txt","e19fa22e2d54b09c3195e9b25e4c6097d0bef859","RELEASE","PRESERVAR_ATE_APROVACAO"
"RELEASE_v4.01.txt","6710079b033f74625b248b04724af3e5239f7cac","RELEASE","PRESERVAR_ATE_APROVACAO"
"RELEASE_v4.02.txt","9623b927eed8b247d1e403032d112c3ac3e47dac","RELEASE","PRESERVAR_ATE_APROVACAO"
"RELEASE_v4.03.txt","fd039991242b0026bb9b83326adfaf3dd9037326","RELEASE","PRESERVAR_ATE_APROVACAO"
"RELEASE_v4.04.txt","a86e3666afb0a6759d5d7726352f483611e345a4","RELEASE","PRESERVAR_ATE_APROVACAO"
"RELEASE_v4.05.txt","e75b2e0d855e8943785ecc470f574643917249b1","RELEASE","PRESERVAR_ATE_APROVACAO"
