"branch","head_sha","github_protected","open_pr","retention_status"
"arch/sqlserver-only-runtime","3716c7a4e40a789108d52ed72612c1a43cea5d30","false","","REVISAR_SEM_AUTORIZACAO"
"automation/rc-v500-rc1","1f370759e1bf03fb0cf2909173871cd6e1664c7a","false","","REVISAR_DEPENDENCIA_AUDITORIA"
"calibrador-auto-feature-lineage","63c11712e22c419ff32df7099cd79423143328f9","false","","REVISAR_SEM_AUTORIZACAO"
"calibrador-cns-ground-truth","d1141bb6bc327abc57cd9f96827add5672610a6b","false","","REVISAR_SEM_AUTORIZACAO"
"calibrador-diagnostic-to-calibration","a50ff425708936f1b6cafd3f7685990de57e0c6b","false","","REVISAR_SEM_AUTORIZACAO"
"calibrador-feature-lineage","c3067381b48c0d2a7e647dfb77920ae1b298e5bf","false","","REVISAR_SEM_AUTORIZACAO"
"calibrador-feature-lineage-v2","cdb46789a2072579b1e540bfc0c8a6ceea7db446","false","","REVISAR_SEM_AUTORIZACAO"
"calibrador-ground-truth-diagnostic-run","8020a421dd7ff60eb23b4cb592aec3008bb70147","false","","REVISAR_SEM_AUTORIZACAO"
"calibrador-stratified-ground-truth-diagnostics","55c1a259b779737e8a1d76e6ea970735ebb814d5","false","","REVISAR_SEM_AUTORIZACAO"
"calibrador-typed-ground-truth-lineage","3adeb6fcc97b5ead2377d44caa43b2f8943a88c6","false","","REVISAR_SEM_AUTORIZACAO"
"calibrador-typed-ground-truth-lineage-v2","9556675e5396ca64e0d23e034711c7f374ee2f97","false","","REVISAR_SEM_AUTORIZACAO"
"chore/dependabot-group-minor-patch","cc56a9306307cc840952c8d796d9845d2f396379","false","","REVISAR_SEM_AUTORIZACAO"
"chore/linkage-eligibility-test-wording","7803d9bf3382c5845bb711558c5504c648d3670a","false","","REVISAR_SEM_AUTORIZACAO"
"chore/linkage-retire-df-conditioned-u","48f04de60e08735190dd05cbaf17c0b68377623d","false","","REVISAR_SEM_AUTORIZACAO"
"chore/local-clean-linkage-test","c6af8c022e90c90a5d3ed932f64d0a2a1fd164fd","false","","REVISAR_SEM_AUTORIZACAO"
"chore/local-round-continuous-only","0216ff52c48bb220d8eff503900c671469d936cc","false","","REVISAR_SEM_AUTORIZACAO"
"chore/post-rc-secret-hardening-405","17bc4363b1acb45db3e987f9406c519b305a7fb7","false","","REVISAR_DEPENDENCIA_AUDITORIA"
"chore/rc-cut-contract-hardening-20260920","58df5dc64bfbfc4c3bc56d01e06fa6f5b11b6255","false","","REVISAR_DEPENDENCIA_AUDITORIA"
"chore/security-historical-gitleaks-audit","bccb6e723c47ebfc6b223e70f9077194ad43aed4","false","","REVISAR_DEPENDENCIA_AUDITORIA"
"chore/security-invariants-pre-rc-398","02a88faa565063269476eb8ce8954680e035e381","false","","REVISAR_DEPENDENCIA_AUDITORIA"
"chore/spec364-recovery","3ff9dfbee13b0951eaa751211170a583e2b9a57a","false","","REVISAR_SEM_AUTORIZACAO"
"chore/technical-rc-versioning","b6c9f2f10bd599f96f95bc4fb3b7a6f01a459c90","false","","REVISAR_DEPENDENCIA_AUDITORIA"
"chore/verify-fs-u-conditioned-consolidation","0030f31615df78d0079a90f95b0a766fc06653d0","false","","REVISAR_SEM_AUTORIZACAO"
"chore/405-sqlcmd-password-env-20260925","295c7aedb26fd7569d218ef88f2e6470c05b314c","false","","REVISAR_DEPENDENCIA_AUDITORIA"
"db/dt06-fresh-baseline-ledger","71a669fd0403d0740d45fd151d16b00b9f2cac07","false","511","BLOQUEADO_PR_ABERTO"
"dependabot/nuget/Solution/src/Jornada.Api/nuget-minor-patch-9116d52178","e43b3d20d505282aaf4e39ae8e04a2eda3f92e49","false","420","BLOQUEADO_PR_ABERTO"
"dependabot/nuget/Solution/src/Jornada.Api/nuget-minor-patch-bf69a00f4e","9b52b69cb3391fb4dab17710af04ae5b948f4cb3","false","83","BLOQUEADO_PR_ABERTO"
"dependabot/nuget/Solution/src/Jornada.Bronze.Maintenance.Worker/Microsoft.Extensions.Hosting-10.0.12","af42fffffd87e63ff68f288d4187f0a2cf4457e7","false","118","BLOQUEADO_PR_ABERTO"
"dependabot/nuget/Solution/src/Jornada.Bronze.Verify/Microsoft.Data.SqlClient-7.0.3","fd16f798182d0f8f3476ea5bd55f0946f01a9346","false","","REVISAR_SEM_AUTORIZACAO"
"dependabot/nuget/Solution/src/Jornada.Bronze.Verify/Microsoft.Extensions.Configuration.EnvironmentVariables-10.0.12","1f60b6d98690cba8e844f2bb82b3bda1d5acc5a6","false","85","BLOQUEADO_PR_ABERTO"
"dependabot/nuget/Solution/src/Jornada.Bronze.Verify/Microsoft.Extensions.Configuration.Json-10.0.12","511cc7bae2072231a177c04029c7be75a63d9780","false","86","BLOQUEADO_PR_ABERTO"
"dependabot/nuget/Solution/src/Jornada.Linkage.Parameters.Worker/Microsoft.Extensions.Hosting-10.0.12","fad31e5b7a72c67707a3f54add8478c2e2bd1d50","false","120","BLOQUEADO_PR_ABERTO"
"dependabot/nuget/Solution/src/Jornada.Linkage.Runner/Microsoft.Extensions.Hosting-10.0.12","dd10ba7e89427f837c658b52132eec081f286c00","false","122","BLOQUEADO_PR_ABERTO"
"dependabot/nuget/Solution/src/Jornada.Operational.Sql/Microsoft.Data.SqlClient-7.1.0","bd2b8ba4b717ef76c96211debb270955c0ee709a","false","357","BLOQUEADO_PR_ABERTO"
"dependabot/nuget/Solution/src/Jornada.Operations.Maintenance.Worker/Microsoft.Extensions.Hosting-10.0.12","122921d7e77d85d4c1edf456341798d4b4d074b9","false","124","BLOQUEADO_PR_ABERTO"
"dependabot/nuget/Solution/src/Jornada.Pipeline.Coordination/Microsoft.Data.SqlClient-7.1.0","eda4cec0f263c9a53b68cd7ccfa5bd3cccc28f9b","false","359","BLOQUEADO_PR_ABERTO"
"dependabot/nuget/Solution/src/Jornada.Processor.Worker/Microsoft.Extensions.Hosting-10.0.12","d1adef4902438e40d6a93abc0df19e1b3b3a6436","false","126","BLOQUEADO_PR_ABERTO"
"design/linkage-sunter-multievidencia-v406","c564798f91058d9776f19d78d416383492e3434f","false","","REVISAR_SEM_AUTORIZACAO"
"dev/linkage-ibge-monte-carlo-names-20260917","d68ac5ecffb99dd2ba4280a74913cd07bfa77993","false","","REVISAR_SEM_AUTORIZACAO"
"diag/linkage-abbreviation-mu-support","0cb28212bde5bb349a377bdd5c0bf56f9f955d9b","false","","REVISAR_SEM_AUTORIZACAO"
"diag/linkage-candidate-pair-prior","3a4b742347aa656b289a15908541572ca54c1eef","false","","REVISAR_DEPENDENCIA_AUDITORIA"
"diag/linkage-order-restriction-report","acf5125e66e009915185241ed59452c6cda58e6b","false","","REVISAR_SEM_AUTORIZACAO"
"diag/linkage-prior-counterfactual","cd6a6aa7d200f67f4f95659b18026e0715f39625","false","","REVISAR_SEM_AUTORIZACAO"
"docs/access-purpose-decision-gate","33c00db8570a3bc730cb982e2c42d809ceaef20a","false","","REVISAR_SEM_AUTORIZACAO"
"docs/adr-frequencias-estado-pos-115","811a77585b8ea3dbc72e104864b1cde05b10a925","false","","REVISAR_SEM_AUTORIZACAO"
"docs/adr-frequencias-nomes-ibge","b3b34f0a4dc3fce3ecfc147c8e1f101cf5d3dedc","false","","REVISAR_SEM_AUTORIZACAO"
"docs/adr-nomes-pos-materializacao","489bc11c1d5e364248fe7e21c6f940e5710ef85a","false","","REVISAR_SEM_AUTORIZACAO"
"docs/align-v500-rc-gates","4f2cb39d912fd042d6239164b53b0325973761c6","false","","REVISAR_DEPENDENCIA_AUDITORIA"
"docs/calibrador-plano-blocking-analise","3808635ee3321b8f189485bb45538d4ac7ccf5f1","false","","REVISAR_SEM_AUTORIZACAO"
"docs/candidate-info-146","c5ed720244d2f7f88cb784ce20c2e31073a08db7","false","","REVISAR_DEPENDENCIA_AUDITORIA"
"docs/candidate-nomemae-current-state","d13c98926071fb282b5c2c23d40d9c66a1ebefef","false","","REVISAR_DEPENDENCIA_AUDITORIA"
"docs/candidate-reference-baseline-20260920","34420e22439f833b67936dc0e0dabfc7c7dcff81","false","","REVISAR_DEPENDENCIA_AUDITORIA"
"docs/cleanup-adr-and-postgresql-readme","e5f0fdfe162fa6fd353dfd3198fd9d62785f7f20","false","","REVISAR_SEM_AUTORIZACAO"
"docs/dividas-tecnicas-2026-09-26","35df23f8fbe206fdac7b06ed80828d93694d83f0","false","","REVISAR_SEM_AUTORIZACAO"
"docs/dt07-governance-rn-sql-security","bfcbd80b2af93011461a2761c0dae9da6bce72b7","false","","BLOQUEADO_MERGE_RECENTE"
"docs/dt09-verified-conference-gates-20260926","cfb3272f2bdfe2310bfcb97e0fbdff2c3ee22c45","false","","REVISAR_SEM_AUTORIZACAO"
"docs/dt12-branch-release-inventory-approval","3f583901df9b784c852c04135555647d3dc2c1bf","false","","REVISAR_DEPENDENCIA_AUDITORIA"
"docs/ensaio-secretarias-paridade-hml","eb19577af992e481d2f239c2e1b02758cb4242ee","false","","REVISAR_SEM_AUTORIZACAO"
"docs/especificacao-candidata-141","545786bd44c92986ec6391eefb00dd009fd0d104","false","","REVISAR_SEM_AUTORIZACAO"
"docs/fase1-limites-produto","30186dcf0314a3035e47718b991781bf5765d1ca","false","","REVISAR_SEM_AUTORIZACAO"
"docs/fechamento-v5-fabric","c840c97e60e53f20b97f0b0bd3bffe970c4594d3","false","","REVISAR_SEM_AUTORIZACAO"
"docs/gtpr-governanca-decisoria","f8307fbda2c6146f379b1ad59833108d164777a8","false","","REVISAR_SEM_AUTORIZACAO"
"docs/ibge-u-mother-national-person-sp-20260926","4d9ed05925d12f9e7b8ce8bcf31b73185f9dd9fc","false","","REVISAR_SEM_AUTORIZACAO"
"docs/local-validation-sequence","e5037fb354b104d469f8df74e947932db3da1170","false","","REVISAR_SEM_AUTORIZACAO"
"docs/mark-pendencias-v147-historical","9c83949110efcb0155ee41a15456a526f2dc4368","false","","REVISAR_DEPENDENCIA_AUDITORIA"
"docs/modelo-fisico-frequencia-nomes","9b1ff743fc756551fb31c6aa4a387043ae6adc2f","false","","REVISAR_SEM_AUTORIZACAO"
"docs/normative-hierarchy-v364-v362","68895707a259c6a37b2ca52479136941d1b9e2ee","false","","REVISAR_SEM_AUTORIZACAO"
"docs/post-rc-governance-404","0fc71a3acb2643ba9834bb34e8efeee52c752b2e","false","","REVISAR_DEPENDENCIA_AUDITORIA"
"docs/pre-hml-sqlserver-single-runtime-cleanup","3d4df81d1a19834dec4ee6055378adcc7d1fabc5","false","","REVISAR_DEPENDENCIA_AUDITORIA"
"docs/rebaseline-fabric-operacional-v5","2294d0d44ff81d69f7b527ebc5a4bc179df73171","false","","REVISAR_SEM_AUTORIZACAO"
"docs/reencontro-governance-official-name-20260926","1debcd909f2b9f36880239715c86f89163438aa4","false","","REVISAR_SEM_AUTORIZACAO"
"docs/requirements-vigencia-cleanup","1276416ce52bdf670f2752026a49426d16eba5c9","false","","REVISAR_SEM_AUTORIZACAO"
"docs/scripts-readme","0031809e6400d1144e8f89b1aa63e16541e3e93b","false","","REVISAR_SEM_AUTORIZACAO"
"docs/sp-municipal-u-no-geographic-fallback-20260926","cc2b7b3b0d7ff39567d84b22acedddba57d6eaee","false","","REVISAR_SEM_AUTORIZACAO"
"docs/sql-server-producao","3e425aad0afec604f750d9c402435d8c282c7748","false","","REVISAR_SEM_AUTORIZACAO"
"docs/territorializacao-residual","6a693a97877cce672183b59af27c21219baad6d2","false","","REVISAR_SEM_AUTORIZACAO"
"docs/territorializacao-residual-rebased","2569ab54f293c70e0a671ffdd9eed317dd07e54c","false","","REVISAR_SEM_AUTORIZACAO"
"docs/uml-architecture-current","c671c754e9cc9beaa312ebc6190823803aa9684d","false","","REVISAR_SEM_AUTORIZACAO"
"feat/bi-hierarchical-navigation","c0b821532835f078e96f2ee93ab368ddc85bfafb","false","","REVISAR_SEM_AUTORIZACAO"
"feat/bi-pagina-qualidade-resolucao","b62958270251f47083dbb702fccbce93a87f68bc","false","","REVISAR_SEM_AUTORIZACAO"
"feat/bi-qualidade-resolucao","6ed95963343bd6a2076379f9ddc4eacd61d23624","false","","REVISAR_SEM_AUTORIZACAO"
"feat/bi-qualidade-resolucao-cortes","b5a436d29dc8db58555165acbbfc8b7a8577ecee","false","","REVISAR_SEM_AUTORIZACAO"
"feat/bi-qualidade-resolucao-estrato-cpf","53fa63a5c12a77b789a7903be9d878217d9d9333","false","","REVISAR_SEM_AUTORIZACAO"
"feat/bi-qualidade-resolucao-gestor-real","cbc7b2faf1d1ba79f8a2b85883b179d202841d75","false","","REVISAR_SEM_AUTORIZACAO"
"feat/calibrador-df-splink-tf","8ad43e45e5e782979ce058c2b2a0b2a5836145b0","false","","REVISAR_SEM_AUTORIZACAO"
"feat/calibrador-ibge-benchmark-factorial","821be0451f711b0f5a708c08c124478c12ff8a05","false","","REVISAR_SEM_AUTORIZACAO"
"feat/calibrador-ibge-u-bootstrap","0475da937e8a924dc768387530dd565aa2ba9e1f","false","","REVISAR_SEM_AUTORIZACAO"
"feat/calibrador-resolution-models","cd1fbb6f47689c415fd82bf156983c9324f2748b","false","","REVISAR_SEM_AUTORIZACAO"
"feat/calibrador-semantic-person-attributes","2461e140beb4182978a65715fe0a728dcb4af493","false","","REVISAR_SEM_AUTORIZACAO"
"feat/calibrador-splink-exchange","e721eab53fe1f9e1e81b4c6b3cafcdf067d45763","false","","REVISAR_SEM_AUTORIZACAO"
"feat/calibrador-splink-reference-v2","a5b45552641512781ad23fed3ce4ea411b34bbe2","false","","REVISAR_SEM_AUTORIZACAO"
"feat/calibrador-splink-runner","d02259cf03d64f53468a517910936a616e607ab7","false","","REVISAR_SEM_AUTORIZACAO"
"feat/calibrador-splink-runner-rebased","c07a186901b3ef205087f5535e31c267acb84993","false","","REVISAR_SEM_AUTORIZACAO"
"feat/calibrador-splink-runner-v2","ebde93bfede95a60009b235f5d6e52fe90e9142c","false","","REVISAR_SEM_AUTORIZACAO"
"feat/cluster-test-production-config","232f043f80e3b7d1cd79599560e3ddc6a4e3686c","false","","REVISAR_SEM_AUTORIZACAO"
"feat/df-benchmark-validation-test","79282052b70b45c9b8864cd4ef5abc98a9d9816f","false","","REVISAR_SEM_AUTORIZACAO"
"feat/df-calibration-frequency-observations","0560d9e5e2e889bc5a20cbef58a5b4a274899733","false","","REVISAR_SEM_AUTORIZACAO"
"feat/ensaio-linkage-model-validation","5cf3d1ebd3f09635e5ed2958409f8d93335b6815","false","","REVISAR_SEM_AUTORIZACAO"
"feat/ensaio-progressivo-relatorio","f5ac158e20638dbd8ce141f91ef0a0ae92ae8918","false","","REVISAR_SEM_AUTORIZACAO"
"feat/external-splink-conformance-contract-20260926","4b5d600b5e0b19fe406567b27e86ecf862a141ee","false","","REVISAR_SEM_AUTORIZACAO"
"feat/fs-decision-threshold-calibration","dd235e3727a269ecbbaab1367265e3f40471af6d","false","","REVISAR_SEM_AUTORIZACAO"
"feat/gitleaks-ci-405","6e879185d6def7bda7b990b8afafa68800dab31e","false","","REVISAR_DEPENDENCIA_AUDITORIA"
"feat/gold-pessoa-primeiro-nome","c72fe49a42e2e989f7661241905b52bd62475808","false","","REVISAR_SEM_AUTORIZACAO"
"feat/hml-scale-evidence","8bbed9135a6056a67c8286e9e9ea47f78639bfce","false","","REVISAR_DEPENDENCIA_AUDITORIA"
"feat/ibge-name-publication-semantics","e0f0cc7ce74d128fca18b277f5277f4140b04d62","false","","REVISAR_SEM_AUTORIZACAO"
"feat/ibge-nominal-u-reference-cache-20260926","7de7a75ba5c09a43db686d12f21827b4131c058b","false","","REVISAR_SEM_AUTORIZACAO"
"feat/identity-decision-evidence-taxonomy-20260921","b12f6f32bb8f74aaa1d80e10ac1a195633f30395","false","","REVISAR_DEPENDENCIA_AUDITORIA"
"feat/identity-decision-ledger-20260920","dc427d349f3e2654e37ca55d0698e18ccbbccf6d","false","","REVISAR_SEM_AUTORIZACAO"
"feat/identity-structured-evidence-ledger-391","5c9170eb6d93460e764912f4cb795b42c4d58f4d","false","","REVISAR_DEPENDENCIA_AUDITORIA"
"feat/identity-v4-runtime-cutover","9927ad202368127f55b3e779655932624666bb3d","false","","REVISAR_SEM_AUTORIZACAO"
"feat/issue-270-origin-base-identifiers","431d44e4edb4f8b56a6d08c55d34ac0294dc58f8","false","","REVISAR_SEM_AUTORIZACAO"
"feat/issue-270-person-v4-runtime","fe091a735e818fc64a21b61f06310ba93feb878d","false","","REVISAR_SEM_AUTORIZACAO"
"feat/linkage-abbreviation-compatibility-audit","5e01d597f55e3b51cca204d0f3decba1cf4fe317","false","","REVISAR_DEPENDENCIA_AUDITORIA"
"feat/linkage-additional-evidence-readiness","66da962b3371498e8b8bdff4a66c9ae270d0fde8","false","","REVISAR_DEPENDENCIA_AUDITORIA"
"feat/linkage-audit-roundtrip-20260920","dc876d86232ba5f931e07e39c11841fd8a03c801","false","","REVISAR_DEPENDENCIA_AUDITORIA"
"feat/linkage-blocking-name-space","10975d1d91d086e7b629c63829371c3e0f3bddef","false","","REVISAR_SEM_AUTORIZACAO"
"feat/linkage-blocking-runtime-integration","ae258202eea26bc4f650133f81b3969a66cd1ca9","false","","REVISAR_SEM_AUTORIZACAO"
"feat/linkage-calibration-audit-export-20260920","2bf75f54ecd9987591b10863df6254d886085682","false","","REVISAR_DEPENDENCIA_AUDITORIA"
"feat/linkage-clustered-evaluation-uncertainty","5af3f2dd8765b074ae1be5460aa225a375e524ba","false","","REVISAR_SEM_AUTORIZACAO"
"feat/linkage-conference-command-20260920","efe93e83174fc4f0c785b0021f59e721c603d6ff","false","","REVISAR_SEM_AUTORIZACAO"
"feat/linkage-conference-evidence-20260920","c21922335c1ec09b0859e36377295ed97b21290b","false","","REVISAR_DEPENDENCIA_AUDITORIA"
"feat/linkage-conflict-governed-review","e1e7a341a6fa8eca6dbf5b70f57280f3a90d0566","false","","REVISAR_SEM_AUTORIZACAO"
"feat/linkage-conflict-review-queue","2f9795b4e96ef54ffb237aa2794f547264f880a0","false","","REVISAR_SEM_AUTORIZACAO"
"feat/linkage-conservative-transitivity-gate","6739262631e9708602cfd3f9c4be26a4a062cad3","false","","REVISAR_SEM_AUTORIZACAO"
"feat/linkage-decision-quality-audit","5d03daebb320047e8139a78bb92eba0ed0236737","false","","REVISAR_DEPENDENCIA_AUDITORIA"
"feat/linkage-decision-quality-gold-pessoa-r6","0e07a427c4050f4319a92bf70d399df6da4238d2","false","","REVISAR_SEM_AUTORIZACAO"
"feat/linkage-evidence-dependency-diagnostic","a2ec8d55003c84a8191bc019dea61c14e72b7142","false","","REVISAR_DEPENDENCIA_AUDITORIA"
"feat/linkage-fp-rate-calibration-20260926","dbd1b6c16b6640d807e1f34701d4754801a4679f","false","","REVISAR_SEM_AUTORIZACAO"
"feat/linkage-governed-weight-provenance","05ddc2b1115f11514e43a4b3e6e09e3833fd875f","false","","REVISAR_SEM_AUTORIZACAO"
"feat/linkage-ibge-typed-frequency","711dc68914ece3924dd470fdf2b94b021a245ac8","false","","REVISAR_SEM_AUTORIZACAO"
"feat/linkage-identifiability-boundary","a0e87766f1dfced140f76c7bc4e0508dde2bcdda","false","","REVISAR_SEM_AUTORIZACAO"
"feat/linkage-incremental-reevaluation-metrics-418","e7b501a845a6b5ea8feaf5d7d2f9f3234b6bbc0b","false","","REVISAR_SEM_AUTORIZACAO"
"feat/linkage-independent-conference-20260920","4a657732f22fa6096de2cbf0c7e096b8893ec3f4","false","","REVISAR_SEM_AUTORIZACAO"
"feat/linkage-independent-resolution-metrics","a46bb7565482b925575ac4d6a8a907266de782d3","false","","REVISAR_SEM_AUTORIZACAO"
"feat/linkage-joint-birth-v4","a1b5c3ab76393d708e818f8ef4999638317c2044","false","","REVISAR_SEM_AUTORIZACAO"
"feat/linkage-margin-frontier","28f0f3414d81a80cb2264703001a028d2aa629d9","false","","REVISAR_SEM_AUTORIZACAO"
"feat/linkage-model-governance-ledger-20260920","a63b535980b004ae3a2ba5c4ab5a7e0fc3b643e1","false","","REVISAR_SEM_AUTORIZACAO"
"feat/linkage-monitor-conference-governance-20260920","51a91a83d5bc93fd30ff4236756f663830d9f2f5","false","","REVISAR_SEM_AUTORIZACAO"
"feat/linkage-multiseed-diagnostic","2200555bc91351d04c1698c60e335d93ca69d16a","false","","REVISAR_SEM_AUTORIZACAO"
"feat/linkage-policy-counterfactual","9f8486ef76caacfc226dd43208f9967353854d24","false","","REVISAR_SEM_AUTORIZACAO"
"feat/linkage-progressive-publication","229d494f2e0d9652c1d240656495d365ee00d576","false","","REVISAR_SEM_AUTORIZACAO"
"feat/linkage-projection-contract-binding","ecac1470b8b54744119372964a3eecd08a619f31","false","","REVISAR_SEM_AUTORIZACAO"
"feat/linkage-promotion-conference-gate-20260920","373e272d79d568ce634181e7b651bdd32fd66416","false","","REVISAR_SEM_AUTORIZACAO"
"feat/linkage-raw-comparator-conference-20260920","6fef5cd93ba98d58bd426cef36d84d9b712db984","false","","REVISAR_SEM_AUTORIZACAO"
"feat/linkage-reference-agreement-diagnostic","681a72db864ff6e31d8a8f13ef7633f830d874d6","false","","REVISAR_SEM_AUTORIZACAO"
"feat/linkage-run-blocking-provenance","d40fffb2f60f9d11b68deacbe8ccc3d88d81890f","false","","REVISAR_SEM_AUTORIZACAO"
"feat/linkage-run-name-frequency-provenance","d5ea3d523b4b998a153a2958ed9929beff84ccff","false","","REVISAR_SEM_AUTORIZACAO"
"feat/linkage-runtime-dynamic-person-projections","f4992f6e5454c86cf716485f9b39c54b3e09cd9b","false","","REVISAR_SEM_AUTORIZACAO"
"feat/linkage-score-evidence-decomposition","a7b6acd9532c83df49b2b9948602a15424d7429d","false","","REVISAR_DEPENDENCIA_AUDITORIA"
"feat/linkage-semantic-birth-v5","07f09db01d8e41f6e62be45dd1b26c270c910342","false","","REVISAR_SEM_AUTORIZACAO"
"feat/linkage-statistical-hml-gate","88b0662b8bbacb8fd7a812e266f0176c81e6c3c4","false","","REVISAR_SEM_AUTORIZACAO"
"feat/linkage-transitivity-diagnostic","bc74d6b0c4f2ec1149c55dfeb8e4803b88275f03","false","","REVISAR_SEM_AUTORIZACAO"
"feat/linkage-transitivity-diagnostic-v2","e56801062e2ae1c52ebdb899c669e021055d7003","false","","REVISAR_SEM_AUTORIZACAO"
"feat/linkage-truth-candidate-audit","ea0aae2faa336765adf36541a8b3819b02f06492","false","","REVISAR_DEPENDENCIA_AUDITORIA"
"feat/local-docker-installer","9d6d4af0cb2c5fee6354e5456dc1ef941cec3d3d","false","","REVISAR_SEM_AUTORIZACAO"
"feat/local-linkage-diagnose","62f8d23ad945ce599a56dbb366a80f2c3b9d50fa","false","","REVISAR_SEM_AUTORIZACAO"
"feat/local-standalone-commands","c42699d8f3c4f0b4f95724f13c93388b5745bf0d","false","","REVISAR_SEM_AUTORIZACAO"
"feat/materializa-chave-publicacao-nome","17eb77da161a015b9db2d2610415dd65e6a83d1b","false","","REVISAR_SEM_AUTORIZACAO"
"feat/name-comparison-calibration-contract","8e69d9ffeb5aeaa187ccbd6843923a4d41af6654","false","","REVISAR_SEM_AUTORIZACAO"
"feat/name-comparison-contract-v2","168e445d991b0582018b190a50d1d40ef559929c","false","","REVISAR_SEM_AUTORIZACAO"
"feat/name-comparison-runtime-v7-clean","0b5fd2ab88e002412ab6092deb0910632cba8c97","false","","REVISAR_SEM_AUTORIZACAO"
"feat/name-comparison-runtime-v7-contract","cc4b37fbff7193ebd65fe0e0eb855f761334b6ab","false","","REVISAR_SEM_AUTORIZACAO"
"feat/name-frequency-coverage","e27078799683f9f15f67267230647ef9a64dd372","false","","REVISAR_SEM_AUTORIZACAO"
"feat/nis-secondary-anchor-394","5654d0828a5c8367ebe605f8030e8b595ad8949b","false","","REVISAR_SEM_AUTORIZACAO"
"feat/nome-mae-nullable-v3","12fd3a7449eeb2b524e62600dcb563af6b51933d","false","","REVISAR_SEM_AUTORIZACAO"
"feat/operational-monitor","8c26dba1ec3ce99a84d9fc05c4db0427aca010bf","false","","REVISAR_SEM_AUTORIZACAO"
"feat/person-origin-base","3659275827a528da21e48250e4b6f746b84055ba","false","","REVISAR_SEM_AUTORIZACAO"
"feat/person-origin-base-v2","fc4317ae11b1c7dd515ddd122cf3829dbdf80411","false","","REVISAR_SEM_AUTORIZACAO"
"feat/pessoa-v5-contract-371","bbe021d1cf45b0467c8910b50da2a07bb51971f7","false","","REVISAR_SEM_AUTORIZACAO"
"feat/pessoa-v5-secondary-identifiers-plumbing","11eaefa363c835086375a4731304af6fe3d6caef","false","","REVISAR_SEM_AUTORIZACAO"
"feat/preload-ibge-reference","5cc36ce012e778b4750acb956ad8954df0b0edd6","false","","REVISAR_SEM_AUTORIZACAO"
"feat/reference-serving-territorial-states-20260920","613ada23eede45fb003e71956c2b276e4e34c4cc","false","","REVISAR_SEM_AUTORIZACAO"
"feat/remove-semantic-fallbacks","495a16af51b3342de50ca97d5f4b554556bdd27a","false","","REVISAR_SEM_AUTORIZACAO"
"feat/rf-rnf-linkage-ibge-calibrador-avaliador","e04c3ce70d9cd17d5c06a6e99328c553f26d8c78","false","","REVISAR_SEM_AUTORIZACAO"
"feat/rn-ct-12-governed-fact-conflicts","743fb098fbb66a2799d440389e2a7c74fe4a11a1","false","","REVISAR_SEM_AUTORIZACAO"
"feat/safe-ibge-reference-load","9681dd051cbf81f851f58b34d3fbfc885cefc510","false","","REVISAR_SEM_AUTORIZACAO"
"feat/scale-observability-evidence","e7d5c96919ab93601db4302956ec10a792ba8b7d","false","","REVISAR_DEPENDENCIA_AUDITORIA"
"feat/schema-ledger-windows-installer","f1e7718dd3b431ec9ce061e1d394b73c12db0f18","false","","REVISAR_SEM_AUTORIZACAO"
"feat/splink-ibge-bootstrap-conference-20260926","d4aade8cbfff06fc10bda1aacea072227572cad0","false","","REVISAR_SEM_AUTORIZACAO"
"feat/sql-blocking-search-config-v2","cef464410b16b49e638ccb7b1ea12659d2b30199","false","","REVISAR_SEM_AUTORIZACAO"
"feat/synthetic-calibration-dev-harness-416","41eefdb330cdd4573b0af2fed30e05aeec850cd4","false","","REVISAR_SEM_AUTORIZACAO"
"feat/synthetic-corpus-csharp-port-416","cdc112410478c7823d0c6ce5c802a9f645cbbadf","false","","REVISAR_SEM_AUTORIZACAO"
"feat/synthetic-corpus-foundation-416","49fd620b57adcb275229d736c74260be43c9f9c2","false","","REVISAR_SEM_AUTORIZACAO"
"feat/synthetic-corpus-ingestion-bridge-416","a4749b95b7dba1066800246b892affd17827a6c0","false","","REVISAR_SEM_AUTORIZACAO"
"feat/synthetic-corpus-weighted-sampling-416","3803fbec86fc0b9d806ac1090a009745b1777462","false","","REVISAR_SEM_AUTORIZACAO"
"feat/synthetic-evaluate-416","149af08c019089fc79ce2f60e3b4c1979b998ef6","false","","REVISAR_SEM_AUTORIZACAO"
"feat/synthetic-evaluate-m-416","73bb1ace37ffd4d3fb7669ce5e6a63dad0d64016","false","","REVISAR_SEM_AUTORIZACAO"
"feat/synthetic-evaluation-evidence-416","a2e6d0a8e94e8d321afaab2c69c6129675f6af22","false","","REVISAR_DEPENDENCIA_AUDITORIA"
"feat/synthetic-wave-stable-origin","15e2d9de6b1331d1ac78d45a603ff4cba6c6f7f2","false","","REVISAR_SEM_AUTORIZACAO"
"feat/416-calibration-failure-diagnostics-readonly","e2f55a37504a157ff25b7cc3d97a092cace3562b","false","","REVISAR_SEM_AUTORIZACAO"
"feat/416-synthetic-oracle-model-validation","253223c4d91249a9237eb737533e0d78e2ef1ef0","false","","REVISAR_SEM_AUTORIZACAO"
"feat/416-synthetic-progressive-waves","9b5b722e8e4942fac6f875a9587192b30158ecab","false","","REVISAR_SEM_AUTORIZACAO"
"feat/416-temporal-truth-evaluator","aaf6bf59250211fc6c5d9071faaeb3be1de0ce9d","false","","REVISAR_SEM_AUTORIZACAO"
"feat/416-wave-runtime-checkpoints","d54f3035edf37850deccd8ff6e26852bb96d5491","false","","REVISAR_SEM_AUTORIZACAO"
"feat/416-wave-shadow-runner","62d8e2c7b08c644a56eee0ae8daa6aac90701488","false","","REVISAR_SEM_AUTORIZACAO"
"feat/424-linkage-weekly-growth-telemetry","6803329b5fe3346b9d4da7f9f904219108dce9c5","false","","REVISAR_SEM_AUTORIZACAO"
"feat/424-persist-incremental-universe-metrics","ac441a2421c39565bace7026149bdb2a6d1d67f3","false","","REVISAR_SEM_AUTORIZACAO"
"feat/434-nomesbr-name-components","c8acd16d98abd8cc5ef4fa4138dbce05951a9836","false","","REVISAR_SEM_AUTORIZACAO"
"feat/434-synthetic-brazilian-name-errors","8dde4cb91a6eb95e047524ed3cc5aea0406f50b9","false","","REVISAR_SEM_AUTORIZACAO"
"fix/bi-footer-font-size","4be227e2421168515df22853c7f8f40c9e0d1adb","false","","REVISAR_SEM_AUTORIZACAO"
"fix/bi-global-measure-names","5366389eb5bb56abbe257c6b33bc7695e38bab18","false","","REVISAR_SEM_AUTORIZACAO"
"fix/bi-measure-column-collisions","26e8afa3b7aac0d3584acaf25e22a8255e80e829","false","","REVISAR_SEM_AUTORIZACAO"
"fix/blocking-incremental-contribution","0e8c48afcc25289a66556aaf9be211b399bc9d23","false","","REVISAR_SEM_AUTORIZACAO"
"fix/blocking-pass-fanout-gates","20bb34ad0185a60c428a4aba7ef0680c898eb298","false","","REVISAR_SEM_AUTORIZACAO"
"fix/blocking-pass-fanout-scale","553aa56fd99de97fd40ec56c8366d282963584fd","false","","REVISAR_SEM_AUTORIZACAO"
"fix/blocking-physical-key-width","ee20d74ffb15ca9fcd64fe8d35a093d6ef70c982","false","","REVISAR_SEM_AUTORIZACAO"
"fix/blocking-transportability-projection","ff27c5c2fc5a2bd5987b379bc74d2cebf27f45ec","false","","REVISAR_SEM_AUTORIZACAO"
"fix/bronze-replay-current-projection","e99de8f1c7d40923440c423cc89e68686c39956a","false","","REVISAR_SEM_AUTORIZACAO"
"fix/bronze-replay-current-projection-v2","2701a69499446b40d16b8c1aec965e0f0a42af07","false","","REVISAR_SEM_AUTORIZACAO"
"fix/candidate-schema-provenance","c94afd10043720c746a729e76ac5887b7663917b","false","","REVISAR_DEPENDENCIA_AUDITORIA"
"fix/canonical-linkage-diagnostics","b73bff1ba085d181ce2dcc4ed9a3a6f8674c7db7","false","","REVISAR_SEM_AUTORIZACAO"
"fix/ci-canonical-scale-corpus","232c03d59b347c6149306c2eb931b070e3b9b1c2","false","","REVISAR_SEM_AUTORIZACAO"
"fix/consolidacao-schema-requisitos-release","d17b5eeb71b99f009e59ce72141a122dd964c754","false","","REVISAR_DEPENDENCIA_AUDITORIA"
"fix/consolidacao-schema-requisitos-v406","2debbba45b53e4a9293c6115d5bf7e76ee194cd0","false","","REVISAR_SEM_AUTORIZACAO"
"fix/docs-sgm-sepe-regression-gate","f0021bf055c7078f687e81006b3ed0fd60c7e53a","false","","REVISAR_SEM_AUTORIZACAO"
"fix/dt04-central-access-auth-20260926","12ec8317840759a71e89f191ebfbcfcecaa6a3ba","false","510","BLOQUEADO_PR_ABERTO"
"fix/evidence-gates-determinism","66a28c325576a1e1226ee7b92fafb7e85dcae50b","false","","REVISAR_DEPENDENCIA_AUDITORIA"
"fix/gitleaks-scan-history-after-tree-findings","3d892ff531d6b4464e7fbf6f5bf8e5f6d0e02e4d","false","","REVISAR_DEPENDENCIA_AUDITORIA"
"fix/ibge-diagnostic-readiness-sql","050797201ace8803a55af79d82b35525b6c137d4","false","","REVISAR_SEM_AUTORIZACAO"
"fix/ibge-reference-active-state","0e6d7655f61a293356bb1705017fc63b5962cc2f","false","","REVISAR_SEM_AUTORIZACAO"
"fix/ibge-reference-legacy-diagnostic","72aea6f0e0a426396e867d21103642c98c08bf85","false","","REVISAR_SEM_AUTORIZACAO"
"fix/ibge-sobrenome-semantica","ca355dd9e493469720b333184a72ce7f89de012e","false","","REVISAR_SEM_AUTORIZACAO"
"fix/identity-confirmation-rc-hardening-20260921","4d37666f049f3b829a4044414545ab2197d3a5f3","false","","REVISAR_DEPENDENCIA_AUDITORIA"
"fix/independent-evaluation-recorded-runtime-v6-20260923","494598622036893bf163ffc23da99cba9a61e7df","false","","REVISAR_SEM_AUTORIZACAO"
"fix/independent-survey-recorded-runtime-461","670129b5fb7daa643afd8b9e2e9b3b7e90273987","false","","REVISAR_SEM_AUTORIZACAO"
"fix/linkage-blocking-objective-v2","2a6bbdd82497611b5f02357e9885049b84bc46b7","false","","REVISAR_SEM_AUTORIZACAO"
"fix/linkage-conflict-margin-log-odds","0186195de41a0607a9af53f7d9d436b7cc69bc2e","false","","REVISAR_SEM_AUTORIZACAO"
"fix/linkage-decision-evidence-v6","106554d7d3f1192b5e0124fb20f299cd06649512","false","","REVISAR_DEPENDENCIA_AUDITORIA"
"fix/linkage-diagnose-provenance-truth","6ec29e9beb3ef66e57001c21de4cba4248ed77a9","false","","REVISAR_SEM_AUTORIZACAO"
"fix/linkage-diagnose-sql-failfast","f7c4e4d23f463342395aca2e9f5f9b91f153ac99","false","","REVISAR_SEM_AUTORIZACAO"
"fix/linkage-evidence-profiles","fac736d822ac9a4b26bd5b6dac88231ef07aa075","false","","REVISAR_DEPENDENCIA_AUDITORIA"
"fix/linkage-freeze-runtime-ruleset","2f69c8ba7253da77cb3983c9c06934f9679097c5","false","","REVISAR_SEM_AUTORIZACAO"
"fix/linkage-incremental-candidate-side-418","80d6c76c78f7d5066ef689ae68c55a65ff50ac62","false","","REVISAR_DEPENDENCIA_AUDITORIA"
"fix/linkage-isotonic-observability","3bbec662f134f5df1747564b52704500d091ea48","false","","REVISAR_SEM_AUTORIZACAO"
"fix/linkage-llr-monotonicity-gate","42f4c3fb7ed775333c7f3d4d34ba07be2d7cd73e","false","","REVISAR_SEM_AUTORIZACAO"
"fix/linkage-mother-name-missing-neutral","7af6a485669ed868e9d9708fffc5a526693df830","false","","REVISAR_SEM_AUTORIZACAO"
"fix/linkage-mother-name-missing-neutral-v2","8106b33260779b0a0b78f33fc35fc1b4f454d509","false","","REVISAR_SEM_AUTORIZACAO"
"fix/linkage-parameter-catalog","feab442c865bd054333de89bfb842d19b35c9c68","false","","REVISAR_SEM_AUTORIZACAO"
"fix/linkage-pass-fanout-scale-evidence","3456abf414463ff692cf66802f4fc9476ad2eab6","false","","REVISAR_DEPENDENCIA_AUDITORIA"
"fix/linkage-publication-integrity","61973c3f7f49c5d03506479c5269f16f36cd477a","false","","REVISAR_SEM_AUTORIZACAO"
"fix/linkage-scale-evidence-gates","9e765377742c72c5bef966099f9e2e8c85d67680","false","","REVISAR_DEPENDENCIA_AUDITORIA"
"fix/linkage-scale-evidence-provenance","d441481f4db35f2c1a0eab80f2ba208354301d09","false","","REVISAR_DEPENDENCIA_AUDITORIA"
"fix/linkage-single-birth-evidence","733b2274a604e5a148e348013fb3311d3d10ea20","false","","REVISAR_DEPENDENCIA_AUDITORIA"
"fix/linkage-single-birth-evidence-v2","299cb6576365e087b7a395f4abaaf873c600a3e5","false","","REVISAR_DEPENDENCIA_AUDITORIA"
"fix/linkage-u-blocking-conditioned-v4","e927e7d3419f9868fcea484e537af12b931673bd","false","","REVISAR_SEM_AUTORIZACAO"
"fix/linkage-u-support-reachability","3fe7b94c9741f1abed984432c0a4e8c086b0f6ba","false","","REVISAR_SEM_AUTORIZACAO"
"fix/linkage-v3-birth-rollout","1e7f1cd68a9a27a1ba6bace3e4d22beae2d8f887","false","","REVISAR_SEM_AUTORIZACAO"
"fix/linkage-v5-v6-promotion-contract","21e76bdca3856d793e670142a73fd48ee33a0c45","false","","REVISAR_SEM_AUTORIZACAO"
"fix/linkage-v5-v6-provenance","69766265394aa7b6d3ca2ad6c6e9553520102743","false","","REVISAR_SEM_AUTORIZACAO"
"fix/linkage-v6-default-config","09c815ca0d427c13152de1acb19c2856ca601d02","false","","REVISAR_SEM_AUTORIZACAO"
"fix/linkage-v6-promotion-invariants","630e67f48ab9d63472cd534a773db5d40fadce6e","false","","REVISAR_SEM_AUTORIZACAO"
"fix/linkage-v6-worker-config","813f1d6029202ed7f1a6878b2463d2054c086e65","false","","REVISAR_SEM_AUTORIZACAO"
"fix/linkage-validation-ordered-dictionary-sum","30d69f35f479f6f71485fb876c358bb0e753c5e0","false","","REVISAR_SEM_AUTORIZACAO"
"fix/linkage-validation-quality-semantics","ccff21371bbe8d039ed47a487e16cc95cdd1249a","false","","REVISAR_SEM_AUTORIZACAO"
"fix/local-audit-container-discovery","7a4d6766c40f74acf64792ea7112942c698aa72f","false","","REVISAR_DEPENDENCIA_AUDITORIA"
"fix/local-autostart-docker-desktop","c90862a44c99b5ec3d94d201ac7b501535761ba3","false","","REVISAR_SEM_AUTORIZACAO"
"fix/local-blocking-projection-smoke","21f15877a76728a2025d14fb67787d7238755045","false","","REVISAR_SEM_AUTORIZACAO"
"fix/local-calibration-progress-prehml","4aa9b127f933972fc3b1fcf195cc962bdd3f8c4f","false","","REVISAR_SEM_AUTORIZACAO"
"fix/local-clean-test-auto-stash","6ca5dba61f03dff9c81fa24e9cc700d789c580fe","false","","REVISAR_SEM_AUTORIZACAO"
"fix/local-command-output-only","a601f23709b853e23fc216e75ff4eecaffa408bb","false","","REVISAR_SEM_AUTORIZACAO"
"fix/local-ddl-msys-sqlcmd-path","826bf938d7f28a15503c7f215d5f7401e661d1a0","false","","REVISAR_SEM_AUTORIZACAO"
"fix/local-diagnose-active-model","95c31ad72d5756daa39e8be2298362295dde1106","false","","REVISAR_SEM_AUTORIZACAO"
"fix/local-e2e-readiness-windows","1e0dee04eb3f51d8c215ad5852d90799846f90a6","false","","REVISAR_SEM_AUTORIZACAO"
"fix/local-full-orchestration-isolation","a365e05c68c2642ddeec09d9f6956e5994c616fc","false","","REVISAR_SEM_AUTORIZACAO"
"fix/local-full-python-windows","14b088480d2fe091909bbf444e4533f82b417273","false","","REVISAR_SEM_AUTORIZACAO"
"fix/local-linkage-evaluation-windows","f1570fb06b6265cd35b60fecc38183585e715c6d","false","","REVISAR_SEM_AUTORIZACAO"
"fix/local-messages-build-progress","d7959d69db0225e36145b80af2f59b78dd226ee8","false","","REVISAR_SEM_AUTORIZACAO"
"fix/local-monitor-autoconnect","bf127b05869a1f043a21a7ccfab5dcd45582fc82","false","","REVISAR_SEM_AUTORIZACAO"
"fix/local-one-shot-connection","2f6b6ceb8595b3111b3812351b1286cc9e630eac","false","","REVISAR_SEM_AUTORIZACAO"
"fix/local-powerbi-serving-bootstrap","617924feceadbc11fc06043da888c1d2e7997d38","false","","REVISAR_SEM_AUTORIZACAO"
"fix/local-progressive-backfill-upgrade","b95f8e30ad6a595673cfac3a34d9c345c449227c","false","","REVISAR_SEM_AUTORIZACAO"
"fix/local-round-index-e2e-startup","8ffd8777405e70e53f297710de256ada50dd1022","false","","REVISAR_SEM_AUTORIZACAO"
"fix/local-scale-blocking-projection","06aba112eb866f0dcba6f37cfd447b6c99a37c79","false","","REVISAR_SEM_AUTORIZACAO"
"fix/local-scale-environment-encoding","0f0c66f9d20dae53ff3c666d406233841f1cf857","false","","REVISAR_SEM_AUTORIZACAO"
"fix/local-scale-observation-message","dd1e8668694e02b810b457c79d300d18495a7690","false","","REVISAR_SEM_AUTORIZACAO"
"fix/local-scale-observation-message-v2","254c6e6921735eca1fecf8a5427150edf74b9f7c","false","","REVISAR_SEM_AUTORIZACAO"
"fix/local-scale-pwd-collision","cc48b9cb4da14ba84ccb71b8fd3e066d05efe8f0","false","","REVISAR_SEM_AUTORIZACAO"
"fix/local-scale-sql-readiness","70ed7e79d95cc4ba09ec160aab8df1ae38661f2e","false","","REVISAR_SEM_AUTORIZACAO"
"fix/local-scale-validation-coexistence","21eedbfce18bf64424bf6a4c75116d179ea9e540","false","","REVISAR_SEM_AUTORIZACAO"
"fix/local-suite-deterministic-db","0fca8fb630ad64a918c299833d6b1d278a76eafc","false","","REVISAR_SEM_AUTORIZACAO"
"fix/local-suite-isolation-scale-reset","d9a3f8ec0b297bb59b95a05f46ba9a5082e43375","false","","REVISAR_SEM_AUTORIZACAO"
"fix/local-test-all-clean-master","490956a6470b498669dbac3478235c21d88a703f","false","","REVISAR_SEM_AUTORIZACAO"
"fix/local-test-all-shared-env","6e98ef3c37c609fb57442781c2746c99cad17eda","false","","REVISAR_SEM_AUTORIZACAO"
"fix/local-test-runtime-smoke-370","4211930d5921091600616bbcefd0d6ff097c2f26","false","","REVISAR_SEM_AUTORIZACAO"
"fix/migration-ledger-370","1b134cf00524053d227f0977e9399738b6fe779b","false","","REVISAR_SEM_AUTORIZACAO"
"fix/monitor-live-lote-heartbeat-460","d9fa241dbb6488297fa2baa7cba9e672e4040d44","false","","REVISAR_SEM_AUTORIZACAO"
"fix/name-frequency-active-reference","b18246d66fb16286f8a5053c9790644ff109437c","false","","REVISAR_SEM_AUTORIZACAO"
"fix/p23-sqlserver-dynamic-ruleset","93cf13f6b037bb42d6ab41a58ecb4480b76cba44","false","","REVISAR_SEM_AUTORIZACAO"
"fix/pbir-report-theme-collection","6fd2478fcd564c1ce30ddaa48853969fd1ca5245","false","","REVISAR_SEM_AUTORIZACAO"
"fix/pbir-visual-identifiers","ec803254a684ef3d08691fad97fc864a885dd540","false","","REVISAR_SEM_AUTORIZACAO"
"fix/powerbi-root-schema-metadata","ae9842ca9c557a64b74f4d83792ec4ead6333cca","false","","REVISAR_SEM_AUTORIZACAO"
"fix/protect-destructive-local-test-all","007432ed3af54bb77254b8254f4befeec945308c","false","","REVISAR_SEM_AUTORIZACAO"
"fix/rc-evidence-dispatch-preflight-20260920","3ee5f4547545b73ee537dda01fda9ada67168c7f","false","","REVISAR_DEPENDENCIA_AUDITORIA"
"fix/rc-evidence-preflight-hardening-20260920","613ada23eede45fb003e71956c2b276e4e34c4cc","false","","REVISAR_DEPENDENCIA_AUDITORIA"
"fix/rc-provenance-hml-environment-guard","eb44523b74f16718571dfbb7e2b072a22e550b57","false","","REVISAR_DEPENDENCIA_AUDITORIA"
"fix/rc-restore-drill-seed-objects","3140f5e3a0c1671a936c2db3870f89a81145e526","false","","REVISAR_DEPENDENCIA_AUDITORIA"
"fix/readiness-technical-gate-370","dc3bb4ff30bf8002b23e6a9ea3d100324f86f14c","false","","REVISAR_SEM_AUTORIZACAO"
"fix/scale-evidence-quality-corpus","4483b086091c34dc75d9dad109f8de71f84a0160","false","","REVISAR_DEPENDENCIA_AUDITORIA"
"fix/scale-evidence-quality-corpus-v2","11278aa8e2267efebf4ae83226f53bc7a7676344","false","","REVISAR_DEPENDENCIA_AUDITORIA"
"fix/scale-ibge-weighted-names","945b46cec2410052fd77ad11458ffb25f6f6d77f","false","","REVISAR_SEM_AUTORIZACAO"
"fix/scale-ibge-weighted-names-v2","3684ba0b26c449cbe5b68b432d2f8686b8b87d51","false","","REVISAR_SEM_AUTORIZACAO"
"fix/scale-ibge-weighted-names-v3","eab770a2b7ea79dc3dddc80db8c3529c1ebd7d10","false","","REVISAR_SEM_AUTORIZACAO"
"fix/scale-observability-powershell","d1e627689fd915ab5fe467200fa91c8243c5bc61","false","","REVISAR_SEM_AUTORIZACAO"
"fix/scale-ranking-docker-cache","9b8ca52da2fe19a2767ef23d8ee017ea00ea3279","false","","REVISAR_SEM_AUTORIZACAO"
"fix/schema-installation-equivalence","a13027101b83d4f65f03e91c8fe7046429d727b0","false","","REVISAR_SEM_AUTORIZACAO"
"fix/security-backup-sqlcmd-env-405","4832fddcf68c1b56930fde1f2b77f61885345e8f","false","","REVISAR_DEPENDENCIA_AUDITORIA"
"fix/security-ci-sqlcmd-env-405","13caaf02af78c4b3ea20ca70c45d858f61d2bd1d","false","","REVISAR_DEPENDENCIA_AUDITORIA"
"fix/security-compose-require-sql-password","41c34391cc02d3fa7a8fcca9ded3ed8edcf868fe","false","","REVISAR_DEPENDENCIA_AUDITORIA"
"fix/security-ddl-synthetic-sqlcmd-405","2ce253552cd2fc2c985f59ce03f15de384f155ed","false","","REVISAR_DEPENDENCIA_AUDITORIA"
"fix/security-dev-sql-shell-entrypoints-405","e450355800597c4b7ebc65b0f88c485e7ccfcb54","false","","REVISAR_DEPENDENCIA_AUDITORIA"
"fix/security-e2e-cluster-sqlcmd-405","556c7d2a1973213d05072e78533c1e0b268227ea","false","","REVISAR_DEPENDENCIA_AUDITORIA"
"fix/security-e2e-sqlcmd-env-405","caf8ce62f771619f194cf828b4ade3f538e891b7","false","","REVISAR_DEPENDENCIA_AUDITORIA"
"fix/security-gitleaks-evidence-failclosed-405","e65adcdd28baddfdf2424ee39105fd7a8b5ea1e5","false","","REVISAR_DEPENDENCIA_AUDITORIA"
"fix/security-ibge-sqlcmd-argv-405","3025c110ff86d4ebe4692fd7c981c59591386b5f","false","","REVISAR_DEPENDENCIA_AUDITORIA"
"fix/security-independent-linkage-validation-sql-env-405","1e5a13d0a60a5f1529f2d4e9da50c66e42479ac4","false","","REVISAR_DEPENDENCIA_AUDITORIA"
"fix/security-linkage-flow-evaluation-sql-env-405","8465a8c99f97f5489abb0bcc8ef07ba32945f0be","false","","REVISAR_DEPENDENCIA_AUDITORIA"
"fix/security-linkage-workflow-sql-env-405","912b98eecda693e28b7d0b62445631ad27c25619","false","","REVISAR_DEPENDENCIA_AUDITORIA"
"fix/security-local-db-sqlcmd-env-405","5f55c03e9a1a96dbb93f6214ee10008a3a258096","false","","REVISAR_DEPENDENCIA_AUDITORIA"
"fix/security-lock-probe-sqlcmd-env-405","db19b927c5fe00796dad1c68a9522fb120cf27d4","false","","REVISAR_DEPENDENCIA_AUDITORIA"
"fix/security-rc-sqlcmd-env-405","e070974ccb106ecede9b62d1f71e991042bbb69e","false","","REVISAR_DEPENDENCIA_AUDITORIA"
"fix/security-readiness-fail-closed","2e8ba68d870f0f3983a39c6d8ba89a124c013221","false","","REVISAR_DEPENDENCIA_AUDITORIA"
"fix/security-release-sql-probe-env-405","a055bd071b47ff827666658cc04844b6886eef8b","false","","REVISAR_DEPENDENCIA_AUDITORIA"
"fix/security-scale-sqlcmd-env-405","395c1902f373abe2dedb0a508b9719996d7a754a","false","","REVISAR_DEPENDENCIA_AUDITORIA"
"fix/security-schema-ci-env-405","4d05c9621bef295cbfd3a92335de4173e0723c2b","false","","REVISAR_DEPENDENCIA_AUDITORIA"
"fix/security-schema-ci-sqlcmd-env-405","7b93a7799efa033e067cb0da50260165079bd71b","false","","REVISAR_DEPENDENCIA_AUDITORIA"
"fix/security-synthetic-ps-sqlcmd-405","fd7be4bad673e59e931da7d47cebef797f1aa716","false","","REVISAR_DEPENDENCIA_AUDITORIA"
"fix/seed-territorial-semantics-144","9d58cbf17494ed9ad602db4676153e02e4b8d9b7","false","","REVISAR_SEM_AUTORIZACAO"
"fix/splink-json-options-cache","bba5b64b25fa0adff7d1768a08541770aa800df0","false","","REVISAR_SEM_AUTORIZACAO"
"fix/sql-calibrator-dynamic-blocking","dcfc5873b02a2f494df9ff107ed4a2852a9f042a","false","","REVISAR_SEM_AUTORIZACAO"
"fix/status-deadlock-1205","9b01c7af95f42c5373da9de326773c0619b5f0f5","false","","REVISAR_SEM_AUTORIZACAO"
"fix/synthetic-feb29-year-corruption-20260922","bd0c032147995c479edd73a325e91317e51a9499","false","","REVISAR_SEM_AUTORIZACAO"
"fix/technical-debt-safe-synthetic-and-linkage-metrics-20260923","4aaa358a43a196ae893e3b0f3d3d7e8a5e7b5a87","false","","REVISAR_SEM_AUTORIZACAO"
"fix/technical-rc-routing-evidence","9e4524dda3eb7332e01c060c18487796d8d755da","false","","REVISAR_DEPENDENCIA_AUDITORIA"
"fix/territorializacao-semantica-residencial","d3985668289438cc8290a37134783447d505d261","false","","REVISAR_SEM_AUTORIZACAO"
"fix/territorializacao-semantica-residencial-v2","bb6d836313c1d646fb7ee3c42b268cd55715a644","false","","REVISAR_SEM_AUTORIZACAO"
"fix/test-project-boundaries-20260920","a7d525a05d46d9e876c0d3f792c089fc83e02186","false","","REVISAR_SEM_AUTORIZACAO"
"fix/transitivity-diagnostic-current","893c70391139155f02eede6601b94113d0426369","false","","REVISAR_SEM_AUTORIZACAO"
"fix/unify-canonical-scale-corpus","5699aa99877daca768a07a624610607a28569c5a","false","","REVISAR_SEM_AUTORIZACAO"
"fix/windows-ddl-sha256-msys","7e00b5cd8b45e6145fd5bf8478eb1e278426405f","false","","REVISAR_SEM_AUTORIZACAO"
"fix/windows-ddl-upgrade-msys-workdir","e3aa031fc4d5eab6337dac954c9e48bc5bb07912","false","","REVISAR_SEM_AUTORIZACAO"
"fix/windows-e2e-retransmission-fixture-parity","1c5e31c32773579a87a2d38ab7eb528bff7dceb7","false","","REVISAR_SEM_AUTORIZACAO"
"fix/windows-local-test-category-fingerprint","99c71c783df186850c74a0cdee3795e1940cc9e6","false","","REVISAR_SEM_AUTORIZACAO"
"fix/windows-local-test-suite","49cd168e16da8ca78a5aa2c40aa2baa7cf7a02b1","false","","REVISAR_SEM_AUTORIZACAO"
"fix/windows-powershell-utf8-bom","eb94729d0f6993848a1309169a25d753d37c81da","false","","REVISAR_SEM_AUTORIZACAO"
"fix/windows-powershell-utf8-bom-2","71cad7d2215ccb645f2e0dfed1235860e734ca72","false","","REVISAR_SEM_AUTORIZACAO"
"fix/windows-prefer-git-bash","a80cd3fba95dc4d6e031a080a02c4a97d3d97483","false","","REVISAR_SEM_AUTORIZACAO"
"fix/windows-synthetic-projection-fixture-stream","18fdc402ffe7c0c22657062e3b182b3dd458e577","false","","REVISAR_SEM_AUTORIZACAO"
"fix/405-cluster-sqlcmd-env-20260925","62fb308799ec24ab220665b3bad1b261d46e5306","false","","REVISAR_DEPENDENCIA_AUDITORIA"
"fix/405-deterministic-cpf-test-fixtures","243cf1e2da8ddfdfbfa4bc31f75fd7fdb15598b1","false","","REVISAR_DEPENDENCIA_AUDITORIA"
"fix/405-evidence-triplet-secret-env","8441721854a23c725f52f61941a60d4d1342141e","false","","REVISAR_DEPENDENCIA_AUDITORIA"
"fix/405-multiline-docker-secret-argv-gate","000d7445370ec01b4eb348a6374dfec7893798a8","false","","REVISAR_DEPENDENCIA_AUDITORIA"
"fix/405-secure-first-run-local-env","e20b1b954d2b2680d2fe6960a9baad14387fdfb5","false","","REVISAR_DEPENDENCIA_AUDITORIA"
"fix/405-sqlcmd-argv-recurrence-gate","4b542d64570f02ca6a3f0df895264fc646f63887","false","","REVISAR_DEPENDENCIA_AUDITORIA"
"fix/416-frozen-fs-test-failure-evidence","a6159f7b359745c7f017013db368db88ca7e62aa","false","","REVISAR_DEPENDENCIA_AUDITORIA"
"fix/416-independent-processor-lease-heartbeat","47c62fec6c9fe12635f9c62e4f7006d839e82bad","false","","REVISAR_SEM_AUTORIZACAO"
"fix/416-status-polling-long-processor-tx","9fcf737770d6efd2725d2dc324b427742d907502","false","","REVISAR_SEM_AUTORIZACAO"
"fix/416-synthetic-quarantine-reason","ee60f7523afefcc81e28f7f6e887f2354e5ba174","false","","REVISAR_SEM_AUTORIZACAO"
"fix/416-synthetic-waves-manifest-casing","70f8b9231787c0659e582c0274ae733b262ccbf8","false","","REVISAR_SEM_AUTORIZACAO"
"fix/424-linkage-metrics-utc-boundaries","acf0837dd0007ccf8255c9c07ea7356a5eb55172","false","","REVISAR_SEM_AUTORIZACAO"
"fix/449-powershell51-cluster-readiness-docker-shell","ebc1f410e904c64b5305db9d4ebe5c25da90e97b","false","","REVISAR_SEM_AUTORIZACAO"
"master","975911d0ce6f1678cfc42241e99cdc6c6362aaba","false","","BLOQUEADO_DEFAULT"
"post-rc/integration-410-412","80318726e58aefe165f5d8fabe86b162b95763b3","false","","REVISAR_DEPENDENCIA_AUDITORIA"
"refactor/ensaio-auditabilidade","ac230a7830a5b791193892d4aa4b9097a31c3e08","false","","REVISAR_SEM_AUTORIZACAO"
"refactor/ensaio-auditabilidade-v2","fce32aa59891a69843fb36199359e2e1d45bb824","false","","REVISAR_SEM_AUTORIZACAO"
"refactor/local-test-preserve-ibge","91a63605a37820de0d756ae2a09b21ffca511e4c","false","","REVISAR_SEM_AUTORIZACAO"
"refactor/local-tests-preserve-ibge","7d3b880d2ecdeca87921f575566a7b02bc940c35","false","","REVISAR_SEM_AUTORIZACAO"
"refactor/purge-dead-postgresql-dialects","935d2cdddaaf0fdf19d1159f7b75c7161b37e127","false","","REVISAR_SEM_AUTORIZACAO"
"scripts/dt11-unified-safe-runner","b6cc742e9126b2d417463690d741a21307996a51","false","513","BLOQUEADO_PR_ABERTO"
"tech/dt08-linkage-core-physical-ownership","f22f81db6c09a61bab43fe31715a610997e44846","false","","BLOQUEADO_MERGE_RECENTE"
"test/blocking-pass-evidence","8e179387498f3870d4491faf2fc4b35aa10b21cd","false","","REVISAR_DEPENDENCIA_AUDITORIA"
"test/cluster-original-db-readonly-readiness","820ea265a95d0ea8fbf7b0c200b190bc8528ffbc","false","","REVISAR_SEM_AUTORIZACAO"
"test/dt01-handcrafted-boundary-conference-20260926","c0acfa87d8700befc9e62798354656e3ea53ddc8","false","514","BLOQUEADO_PR_ABERTO"
"test/identity-v4-sqlserver-cutover","e76fdaaac4c5bb34a440e7b91319402950f4d030","false","","REVISAR_SEM_AUTORIZACAO"
"test/linkage-candidate-side-eligibility-wording","5d0077febcb5be202caa8cbe891638211f367f95","false","","REVISAR_DEPENDENCIA_AUDITORIA"
"test/linkage-independent-validation-corpus","63ec1f117742b8f8416bcb883200e56561b389e6","false","","REVISAR_SEM_AUTORIZACAO"
"test/linkage-twin-like-adversarial","c7ae455b148756f47dab0d8f9e90e322d13f948a","false","","BLOQUEADO_REFERENCIA_DOCUMENTAL"
"test/openapi-blackbox-acceptance","fc4f2485434f9d5d1a5e8c0e260786f863dc943d","false","","REVISAR_SEM_AUTORIZACAO"
"test/reuse-existing-ibge-reference","d8c2eddf97cf64809fff809cdebe9fa18902aa7f","false","","REVISAR_SEM_AUTORIZACAO"
"test/scale-blocking-pass-pressure","e97550ea599ccdcbdb2a9cd4f1bde5329f29e91f","false","","REVISAR_SEM_AUTORIZACAO"
"test/scale-real-pass-fanout","a0f7de65cb1395a1474da19529e5a785c6edb251","false","","REVISAR_SEM_AUTORIZACAO"
"test/territorializacao-semantica-residencia","b711f854fd297a53b10c86019fdbe64e5267d69d","false","","REVISAR_SEM_AUTORIZACAO"
"tmp-invalid","7b414e85139c0f4cc633b26823ca450ae25f8904","false","","REVISAR_SEM_AUTORIZACAO"
"work/cpf-anchor-governed-correction","45a8d40800e35d04c475eda45ced7f68025d5bca","false","","REVISAR_SEM_AUTORIZACAO"
"work/cpf-anchor-processor-integration","d369e8eeaf689eea418c9c26c064d9815b6f1e45","false","","REVISAR_SEM_AUTORIZACAO"
"work/cpf-anchor-resolution-api","2b248d42b0c52450daca47fef303459b7b90533c","false","","REVISAR_SEM_AUTORIZACAO"
"work/cpf-anchor-v1-required-wording","9fc83992b4553055aea63a1fd7fe4e078abfd141","false","","REVISAR_SEM_AUTORIZACAO"
"work/cpf-global-consistency-conflict","28920a64d7ea63b738625170e5ad09aac93320ee","false","","REVISAR_SEM_AUTORIZACAO"
"work/identity-atomic-publication","81ae6f5e90b45f0f48596c6b9a4ba4a0aac2ad96","false","","REVISAR_SEM_AUTORIZACAO"
"work/identity-composition-application","f56c625a41d6d4f40da7fd7e196f9c4f65c63caf","false","","REVISAR_SEM_AUTORIZACAO"
"work/identity-composition-governed-adapter","74f34cf0245c67cdb24eeeb291365f9043fae3a4","false","","REVISAR_SEM_AUTORIZACAO"
"work/identity-composition-ledger","0d996db734e4547d1bc0404bc4574c62067b3153","false","","REVISAR_SEM_AUTORIZACAO"
"work/identity-composition-publication-contract","0a2d465c31d66ca9b3489227d87da6d533bcbf70","false","","REVISAR_SEM_AUTORIZACAO"
"work/identity-history-closure","a0295749fd54da953ff530a25a47a070286c29fa","false","","REVISAR_DEPENDENCIA_AUDITORIA"
"work/identity-history-serving","7348fb258a48cc0f33df3f9dc13a04351a09f8d9","false","","REVISAR_DEPENDENCIA_AUDITORIA"
"work/identity-operational-cutover","4cd52bab3ca7db95cc7fc0fa3f55d79cf994a1ad","false","","REVISAR_SEM_AUTORIZACAO"
"work/identity-progressive-bi","4d85f53e73b6aebea8f7c2894e6cd9a92c97b389","false","","REVISAR_SEM_AUTORIZACAO"
"work/identity-progressive-foundation","d8d2e3cc0bda595309a5edb6b0dd4b080f752b47","false","","REVISAR_SEM_AUTORIZACAO"
"work/identity-progressive-persistence","f964191e7201204dbc312336824a9f4904e97ab5","false","","REVISAR_SEM_AUTORIZACAO"
"work/identity-progressive-persistence-v2","249f904935742b46f770a7493372dfa455b51dfc","false","","REVISAR_SEM_AUTORIZACAO"
"work/identity-progressive-storage","2707f12474ebe580950e65f4406fe2c10571e54a","false","","REVISAR_SEM_AUTORIZACAO"
"work/identity-publication-eligibility","dd10fa908d08e6badc755bc24b45f96ccf137ca4","false","","REVISAR_SEM_AUTORIZACAO"
"work/identity-publication-recomposition-plan","78e322416ac1ebd25947dd7a9f179d912c332b63","false","","REVISAR_SEM_AUTORIZACAO"
"work/identity-reference-terminology","37df24b3b405d7acf9725a9c80513f078d220e93","false","","REVISAR_SEM_AUTORIZACAO"
"work/identity-reversible-composition","7c3dd2cf461cf011137d9ef415cf4ee2d834db76","false","","REVISAR_SEM_AUTORIZACAO"
"work/identity-v1-closure-inventory","9a87a745d2ea06bc91a53ac72e5c2cd0d6f1ab15","false","","REVISAR_SEM_AUTORIZACAO"
"work/integrador-identificador-config","43d5ee9f46300398586c0c340a852f1b3b396ee3","false","","REVISAR_SEM_AUTORIZACAO"
"work/integrador-identificador-config2","4ce3dff2f42f7cf8ef85cea3b97f7e35fe93a123","false","","REVISAR_SEM_AUTORIZACAO"
"work/integrador-identificador-config3","4ce3dff2f42f7cf8ef85cea3b97f7e35fe93a123","false","","REVISAR_SEM_AUTORIZACAO"
"work/linkage-blocking-combination-diagnostic","2a6fe16d2e94ef2d193c2e4af45a10a4d5f5c3fe","false","","REVISAR_SEM_AUTORIZACAO"
"work/linkage-blocking-feature-diagnostic","cbe1a6d308e50d5dce74b65c217ec5f96f08171a","false","","REVISAR_SEM_AUTORIZACAO"
"work/linkage-dynamic-blocking-calibration-evaluation","fd00bccb3902ff8f8f94afebb8d904dfa31a81ba","false","","REVISAR_SEM_AUTORIZACAO"
"work/linkage-ibge-name-frequency-contract","d73e569b466fe5f5c654c4250147c964ea3fbbc4","false","","REVISAR_SEM_AUTORIZACAO"
"work/linkage-ibge-snapshot-reader","5fa939b216ed95300e8c95e1cf399968c08a0dc3","false","","REVISAR_SEM_AUTORIZACAO"
"work/linkage-independent-evaluation-contract","616b3bed100090050b51bd9a017eb757a6d4a741","false","","REVISAR_SEM_AUTORIZACAO"
"work/postgresql-adapter","4662b2622ba3708e8c9eae70b9934c229468fccf","false","","REVISAR_SEM_AUTORIZACAO"
"work/postgresql-linkage-calibration","7e5e47a28b64c3f29b874343786a95550ca2a2fc","false","","REVISAR_SEM_AUTORIZACAO"
"work/postgresql-linkage-independent-labels","78552845475ef8bff682d58faf6bccf7ffb6c72c","false","","REVISAR_SEM_AUTORIZACAO"
"work/postgresql-linkage-model-scoring","9a94de0bd778e127a43e6ee78a130118b3e8eecf","false","","REVISAR_SEM_AUTORIZACAO"
"work/postgresql-linkage-two-stage-sampling","425d4fe1c4444cea002ec1102b265a8306570445","false","","REVISAR_SEM_AUTORIZACAO"
"work/postgresql-linkage-v2-candidate-universe","a9b6a5db9c3b503e57a18f3d9df195f0fda539e6","false","","REVISAR_DEPENDENCIA_AUDITORIA"
"work/postgresql-materialization-core","9732a51a604829ebc29ee23114bdb5fcbd8604b8","false","","REVISAR_SEM_AUTORIZACAO"
"work/postgresql-persistence-review","4f2410cd99480a16c57293da71f458c57573ae45","false","","REVISAR_SEM_AUTORIZACAO"
"work/postgresql-processor-persistence","0f48c8588eb3e8a07429d741b9303c00ed98fbf8","false","","REVISAR_SEM_AUTORIZACAO"
"work/processor-provider-abstraction","39f994829e5e7f23e52ac7881036ff46ac2b1194","false","","REVISAR_SEM_AUTORIZACAO"
"work/processor-provider-boundary","5eb58971ee04f51b493298c575c439dc1cf31835","false","","REVISAR_SEM_AUTORIZACAO"
"work/progressive-identity-origin-api","df6f0d524fccca1e765c0e5b07998dcea6df2185","false","","REVISAR_SEM_AUTORIZACAO"
"work/progressive-identity-serving-view","22a51cdb07ce126deec6d6234feb9bc0a3e314b4","false","","REVISAR_SEM_AUTORIZACAO"
"work/progressive-identity-source-query","e1fa3d1d9c20f26614ff0c832a903b70214a6dc7","false","","REVISAR_SEM_AUTORIZACAO"
"work/progressive-reference-publication","c6aaddd0a839967bf1aefa7ce8a1c613207ab087","false","","REVISAR_SEM_AUTORIZACAO"
