idade,populacao
0,470019
1,478403
2,489958
3,500682
4,509427
5,529693
6,558747
7,584952
8,596963
9,593510
10,605170
11,618176
12,608209
13,605215
14,606293
15,599411
16,593533
17,596718
18,597237
19,600227
20,613624
21,622803
22,627808
23,634679
24,644293
25,656179
26,668867
27,674971
28,674938
29,674184
30,674312
31,674615
32,675714
33,677746
34,678965
35,680309
36,684913
37,694044
38,706263
39,718937
40,729228
41,736546
42,739981
43,740015
44,739741
45,737412
46,728535
47,712051
48,690491
49,666431
50,642858
51,622141
52,606896
53,596254
54,586560
55,575016
56,563507
57,552680
58,542967
59,534273
60,524263
61,512162
62,498512
63,484469
64,469883
65,454211
66,436636
67,418547
68,400408
69,381970
70,360901
71,338155
72,316000
73,295799
74,277608
75,257989
76,237137
77,216952
78,198891
79,182561
80,164396
81,144689
82,126500
83,112124
84,101542
85,90685
86,79213
87,68602
88,59998
89,52654
90,171261
